Слово,Частота,Частота(%)
the,993,3.35666
and,862,2.91384
to,683,2.30876
of,610,2.062
i,547,1.84904
you,522,1.76453
my,502,1.69692
a,497,1.68002
it,415,1.40283
in,384,1.29804
that,361,1.2203
ham,337,1.13917
is,315,1.0648
not,300,1.0141
his,285,0.963391
this,275,0.929588
with,254,0.858601
your,253,0.855221
but,249,0.8417
for,241,0.814657
me,228,0.770713
lord,211,0.713247
as,205,0.692966
what,200,0.676064
he,196,0.662543
be,191,0.645641
so,189,0.63888
him,178,0.601697
haue,175,0.591556
king,171,0.578035
will,149,0.503668
no,137,0.463104
our,130,0.439442
we,128,0.432681
on,123,0.415779
are,121,0.409019
if,111,0.375216
all,109,0.368455
then,108,0.365075
shall,107,0.361694
by,105,0.354934
thou,104,0.351553
come,104,0.351553
or,103,0.348173
hamlet,100,0.338032
good,98,0.331271
do,96,0.324511
her,95,0.32113
hor,95,0.32113
let,94,0.31775
now,92,0.310989
thy,90,0.304229
more,89,0.300848
how,89,0.300848
they,88,0.297468
from,87,0.294088
enter,85,0.287327
at,81,0.273806
oh,81,0.273806
was,81,0.273806
like,77,0.260285
most,77,0.260285
there,76,0.256904
well,70,0.236622
know,69,0.233242
would,68,0.229862
them,67,0.226481
selfe,66,0.223101
loue,65,0.219721
may,65,0.219721
'tis,64,0.21634
qu,62,0.20958
vs,62,0.20958
sir,62,0.20958
why,60,0.202819
did,60,0.202819
laer,60,0.202819
which,60,0.202819
giue,59,0.199439
thee,58,0.196059
must,58,0.196059
ile,58,0.196059
hath,57,0.192678
ophe,56,0.189298
speake,55,0.185918
should,54,0.182537
make,54,0.182537
too,53,0.179157
an,53,0.179157
where,53,0.179157
am,52,0.175777
out,52,0.175777
such,52,0.175777
when,51,0.172396
say,51,0.172396
father,50,0.169016
doe,50,0.169016
vpon,50,0.169016
pol,49,0.165636
very,49,0.165636
go,48,0.162255
their,48,0.162255
man,46,0.155495
one,46,0.155495
see,45,0.152114
some,45,0.152114
heere,45,0.152114
time,44,0.148734
mine,44,0.148734
she,44,0.148734
these,44,0.148734
had,44,0.148734
much,43,0.145354
rosin,43,0.145354
heauen,43,0.145354
tell,43,0.145354
play,42,0.141973
thinke,42,0.141973
thus,41,0.138593
mother,40,0.135213
who,40,0.135213
horatio,40,0.135213
queene,39,0.131832
polon,38,0.128452
o,38,0.128452
night,38,0.128452
yet,37,0.125072
vp,35,0.118311
death,35,0.118311
laertes,35,0.118311
both,34,0.114931
againe,34,0.114931
can,34,0.114931
th',33,0.111551
soule,33,0.111551
take,32,0.10817
nor,32,0.10817
could,31,0.10479
owne,31,0.10479
looke,31,0.10479
mar,31,0.10479
life,31,0.10479
dead,30,0.10141
might,30,0.10141
heare,30,0.10141
made,29,0.0980293
heart,29,0.0980293
clo,29,0.0980293
pray,28,0.0946489
ophelia,28,0.0946489
other,27,0.0912686
hast,27,0.0912686
doth,27,0.0912686
whose,27,0.0912686
away,27,0.0912686
leaue,27,0.0912686
cannot,27,0.0912686
into,27,0.0912686
indeed,27,0.0912686
nothing,27,0.0912686
matter,26,0.0878883
were,26,0.0878883
downe,26,0.0878883
head,26,0.0878883
nay,26,0.0878883
hold,25,0.084508
god,25,0.084508
day,24,0.0811277
neuer,24,0.0811277
world,24,0.0811277
nature,24,0.0811277
thing,24,0.0811277
comes,23,0.0777474
exeunt,23,0.0777474
call,23,0.0777474
set,22,0.074367
though,22,0.074367
sweet,22,0.074367
put,22,0.074367
two,21,0.0709867
mad,21,0.0709867
done,21,0.0709867
ghost,21,0.0709867
madnesse,21,0.0709867
true,21,0.0709867
earth,21,0.0709867
euen,21,0.0709867
seene,20,0.0676064
follow,20,0.0676064
sonne,20,0.0676064
feare,20,0.0676064
himselfe,20,0.0676064
fathers,20,0.0676064
guild,20,0.0676064
denmarke,20,0.0676064
deere,20,0.0676064
those,20,0.0676064
eyes,20,0.0676064
poore,20,0.0676064
faire,20,0.0676064
polonius,20,0.0676064
england,20,0.0676064
against,20,0.0676064
till,19,0.0642261
friends,19,0.0642261
players,19,0.0642261
hand,19,0.0642261
off,19,0.0642261
about,19,0.0642261
shew,19,0.0642261
great,19,0.0642261
meanes,19,0.0642261
words,19,0.0642261
once,19,0.0642261
i'th',19,0.0642261
within,19,0.0642261
still,18,0.0608458
does,18,0.0608458
osr,18,0.0608458
hee,18,0.0608458
part,18,0.0608458
exit,18,0.0608458
long,17,0.0574654
thoughts,17,0.0574654
guildensterne,17,0.0574654
keepe,17,0.0574654
end,17,0.0574654
eare,17,0.0574654
beleeue,17,0.0574654
old,17,0.0574654
any,17,0.0574654
first,17,0.0574654
goe,17,0.0574654
before,17,0.0574654
daughter,16,0.0540851
sword,16,0.0540851
art,16,0.0540851
there's,16,0.0540851
noble,16,0.0540851
welcome,16,0.0540851
body,16,0.0540851
bee,16,0.0540851
makes,16,0.0540851
speech,16,0.0540851
stand,15,0.0507048
ere,15,0.0507048
since,15,0.0507048
many,15,0.0507048
marry,15,0.0507048
kin,15,0.0507048
betweene,15,0.0507048
farewell,15,0.0507048
that's,15,0.0507048
sent,14,0.0473245
ha's,14,0.0473245
youth,14,0.0473245
question,14,0.0473245
o're,14,0.0473245
thine,14,0.0473245
liue,14,0.0473245
better,14,0.0473245
therefore,14,0.0473245
eye,14,0.0473245
watch,14,0.0473245
heard,14,0.0473245
tongue,14,0.0473245
drinke,14,0.0473245
spirit,14,0.0473245
rest,14,0.0473245
gertrude,13,0.0439442
vertue,13,0.0439442
thought,13,0.0439442
saw,13,0.0439442
wee'l,13,0.0439442
finde,13,0.0439442
breath,13,0.0439442
cause,13,0.0439442
marke,13,0.0439442
none,13,0.0439442
else,13,0.0439442
said,13,0.0439442
last,13,0.0439442
after,13,0.0439442
goes,13,0.0439442
vse,13,0.0439442
is't,13,0.0439442
gone,13,0.0439442
same,13,0.0439442
without,13,0.0439442
beene,13,0.0439442
while,13,0.0439442
state,13,0.0439442
reynol,13,0.0439442
beare,13,0.0439442
little,13,0.0439442
fortinbras,13,0.0439442
farre,12,0.0405638
reason,12,0.0405638
foule,12,0.0405638
helpe,12,0.0405638
faith,12,0.0405638
grace,12,0.0405638
something,12,0.0405638
selues,12,0.0405638
ayre,12,0.0405638
purpose,12,0.0405638
forme,12,0.0405638
euer,12,0.0405638
blood,12,0.0405638
further,12,0.0405638
madam,12,0.0405638
bring,12,0.0405638
gentlemen,12,0.0405638
friend,12,0.0405638
remember,12,0.0405638
fit,12,0.0405638
meane,12,0.0405638
each,11,0.0371835
please,11,0.0371835
best,11,0.0371835
reuenge,11,0.0371835
rosincrance,11,0.0371835
dost,11,0.0371835
ha,11,0.0371835
word,11,0.0371835
bed,11,0.0371835
villaine,11,0.0371835
way,11,0.0371835
being,11,0.0371835
kinde,11,0.0371835
fire,11,0.0371835
excellent,11,0.0371835
winde,11,0.0371835
in't,11,0.0371835
stay,11,0.0371835
newes,11,0.0371835
right,11,0.0371835
honest,11,0.0371835
verie,11,0.0371835
passion,11,0.0371835
what's,11,0.0371835
things,11,0.0371835
face,10,0.0338032
oft,10,0.0338032
action,10,0.0338032
lady,10,0.0338032
heauens,10,0.0338032
free,10,0.0338032
murther,10,0.0338032
marcellus,10,0.0338032
sleepe,10,0.0338032
let's,10,0.0338032
ye,10,0.0338032
second,10,0.0338032
mee,10,0.0338032
command,10,0.0338032
together,10,0.0338032
late,10,0.0338032
alone,10,0.0338032
hell,10,0.0338032
businesse,10,0.0338032
guil,10,0.0338032
doubt,10,0.0338032
'twere,10,0.0338032
minde,10,0.0338032
full,10,0.0338032
giuen,10,0.0338032
pyrrhus,10,0.0338032
barn,10,0.0338032
iudgement,10,0.0338032
greefe,10,0.0338032
voyce,10,0.0338032
graue,10,0.0338032
fine,9,0.0304229
young,9,0.0304229
ought,9,0.0304229
armes,9,0.0304229
draw,9,0.0304229
peace,9,0.0304229
fellow,9,0.0304229
sweare,9,0.0304229
phrase,9,0.0304229
thankes,9,0.0304229
eares,9,0.0304229
act,9,0.0304229
name,9,0.0304229
brothers,9,0.0304229
neere,9,0.0304229
three,9,0.0304229
hora,9,0.0304229
gentleman,9,0.0304229
get,9,0.0304229
gho,9,0.0304229
fortune,9,0.0304229
strange,9,0.0304229
hands,9,0.0304229
alas,9,0.0304229
deare,9,0.0304229
seeme,9,0.0304229
walke,9,0.0304229
offence,9,0.0304229
answer,9,0.0304229
goodnight,9,0.0304229
pale,8,0.0270426
age,8,0.0270426
blacke,8,0.0270426
deed,8,0.0270426
hither,8,0.0270426
yong,8,0.0270426
husband,8,0.0270426
ioy,8,0.0270426
breake,8,0.0270426
wife,8,0.0270426
lye,8,0.0270426
woe,8,0.0270426
sight,8,0.0270426
maiesty,8,0.0270426
fran,8,0.0270426
whole,8,0.0270426
sit,8,0.0270426
euery,8,0.0270426
another,8,0.0270426
on't,8,0.0270426
common,8,0.0270426
soft,8,0.0270426
wilt,8,0.0270426
men,8,0.0270426
fell,8,0.0270426
top,8,0.0270426
fashion,8,0.0270426
fall,8,0.0270426
conscience,8,0.0270426
ground,8,0.0270426
lay,8,0.0270426
seeke,8,0.0270426
seemes,8,0.0270426
teares,8,0.0270426
duty,8,0.0270426
worke,8,0.0270426
custome,8,0.0270426
came,8,0.0270426
light,8,0.0270426
kings,8,0.0270426
queen,8,0.0270426
barnardo,8,0.0270426
thousand,8,0.0270426
lost,8,0.0270426
power,8,0.0270426
hope,7,0.0236622
takes,7,0.0236622
borne,7,0.0236622
shame,7,0.0236622
desire,7,0.0236622
sure,7,0.0236622
brother,7,0.0236622
here,7,0.0236622
thanke,7,0.0236622
hamlets,7,0.0236622
dust,7,0.0236622
grow,7,0.0236622
charge,7,0.0236622
giues,7,0.0236622
shewes,7,0.0236622
gaue,7,0.0236622
through,7,0.0236622
sister,7,0.0236622
times,7,0.0236622
too't,7,0.0236622
sound,7,0.0236622
lookes,7,0.0236622
obey,7,0.0236622
maiestie,7,0.0236622
law,7,0.0236622
bad,7,0.0236622
lesse,7,0.0236622
memory,7,0.0236622
bin,7,0.0236622
bar,7,0.0236622
letters,7,0.0236622
musicke,7,0.0236622
noise,7,0.0236622
almost,7,0.0236622
receiue,7,0.0236622
beseech,7,0.0236622
woman,7,0.0236622
wee,7,0.0236622
knowne,7,0.0236622
scull,6,0.0202819
bid,6,0.0202819
sorrow,6,0.0202819
proofe,6,0.0202819
fat,6,0.0202819
buried,6,0.0202819
marriage,6,0.0202819
fare,6,0.0202819
false,6,0.0202819
mothers,6,0.0202819
moue,6,0.0202819
season,6,0.0202819
ho,6,0.0202819
mouth,6,0.0202819
anon,6,0.0202819
sayes,6,0.0202819
keepes,6,0.0202819
withall,6,0.0202819
wits,6,0.0202819
home,6,0.0202819
generall,6,0.0202819
ranke,6,0.0202819
seruice,6,0.0202819
shape,6,0.0202819
gracious,6,0.0202819
cast,6,0.0202819
list,6,0.0202819
beard,6,0.0202819
quicke,6,0.0202819
gods,6,0.0202819
vnderstand,6,0.0202819
lordship,6,0.0202819
begge,6,0.0202819
christian,6,0.0202819
foole,6,0.0202819
circumstance,6,0.0202819
begin,6,0.0202819
backe,6,0.0202819
loues,6,0.0202819
maid,6,0.0202819
laugh,6,0.0202819
he's,6,0.0202819
fortunes,6,0.0202819
water,6,0.0202819
touch,6,0.0202819
truth,6,0.0202819
cold,6,0.0202819
dane,6,0.0202819
vowes,6,0.0202819
pardon,6,0.0202819
double,6,0.0202819
wager,6,0.0202819
drown'd,6,0.0202819
dayes,6,0.0202819
dumbe,6,0.0202819
peece,6,0.0202819
ill,6,0.0202819
wrong,6,0.0202819
hot,6,0.0202819
note,6,0.0202819
place,6,0.0202819
honor,6,0.0202819
crowne,6,0.0202819
table,6,0.0202819
damned,6,0.0202819
round,6,0.0202819
writ,6,0.0202819
yours,6,0.0202819
effect,6,0.0202819
dangerous,6,0.0202819
needs,6,0.0202819
enough,6,0.0202819
danish,6,0.0202819
poyson,6,0.0202819
neither,6,0.0202819
do's,5,0.0169016
doo't,5,0.0169016
yeare,5,0.0169016
osricke,5,0.0169016
twelue,5,0.0169016
silence,5,0.0169016
french,5,0.0169016
freely,5,0.0169016
france,5,0.0169016
sing,5,0.0169016
foyles,5,0.0169016
found,5,0.0169016
discourse,5,0.0169016
'gainst,5,0.0169016
'twas,5,0.0169016
vilde,5,0.0169016
shalt,5,0.0169016
teach,5,0.0169016
desperate,5,0.0169016
you'l,5,0.0169016
beast,5,0.0169016
patience,5,0.0169016
quiet,5,0.0169016
went,5,0.0169016
passe,5,0.0169016
short,5,0.0169016
longer,5,0.0169016
look,5,0.0169016
disposition,5,0.0169016
loose,5,0.0169016
lords,5,0.0169016
cocke,5,0.0169016
particular,5,0.0169016
perchance,5,0.0169016
whereon,5,0.0169016
yes,5,0.0169016
perhaps,5,0.0169016
e'ene,5,0.0169016
confesse,5,0.0169016
dull,5,0.0169016
arme,5,0.0169016
soules,5,0.0169016
dutie,5,0.0169016
point,5,0.0169016
dye,5,0.0169016
truly,5,0.0169016
speak,5,0.0169016
morrow,5,0.0169016
told,5,0.0169016
wisedome,5,0.0169016
conceit,5,0.0169016
tis,5,0.0169016
norwey,5,0.0169016
presently,5,0.0169016
alexander,5,0.0169016
spirits,5,0.0169016
thinkes,5,0.0169016
cries,5,0.0169016
naturall,5,0.0169016
countenance,5,0.0169016
ambition,5,0.0169016
course,5,0.0169016
onely,5,0.0169016
wholsome,5,0.0169016
forth,5,0.0169016
mans,5,0.0169016
dread,5,0.0169016
try,5,0.0169016
forgot,5,0.0169016
damn'd,5,0.0169016
dreame,5,0.0169016
slaine,5,0.0169016
slaue,5,0.0169016
wicked,5,0.0169016
march,5,0.0169016
audience,5,0.0169016
themselues,5,0.0169016
prythee,5,0.0169016
drowne,5,0.0169016
flesh,5,0.0169016
commission,5,0.0169016
sodaine,5,0.0169016
fie,5,0.0169016
treason,5,0.0169016
adue,5,0.0169016
sometimes,5,0.0169016
fellowes,5,0.0169016
vnder,5,0.0169016
bound,5,0.0169016
guilty,5,0.0169016
holds,5,0.0169016
houre,5,0.0169016
land,5,0.0169016
health,5,0.0169016
heere's,5,0.0169016
brought,5,0.0169016
vnto,5,0.0169016
carriages,5,0.0169016
halfe,5,0.0169016
hoa,5,0.0169016
sea,5,0.0169016
report,5,0.0169016
knaue,5,0.0169016
blessing,5,0.0169016
hit,5,0.0169016
hence,5,0.0169016
braines,5,0.0169016
braine,5,0.0169016
behinde,5,0.0169016
kingdome,5,0.0169016
warrant,5,0.0169016
buriall,5,0.0169016
saue,5,0.0169016
returne,5,0.0169016
lacke,5,0.0169016
sense,5,0.0169016
in's,5,0.0169016
visage,5,0.0169016
wide,4,0.0135213
mercy,4,0.0135213
stronger,4,0.0135213
hecuba,4,0.0135213
messenger,4,0.0135213
sleepes,4,0.0135213
fauour,4,0.0135213
instant,4,0.0135213
tragedie,4,0.0135213
followes,4,0.0135213
wil,4,0.0135213
fault,4,0.0135213
humbly,4,0.0135213
fast,4,0.0135213
strong,4,0.0135213
arm'd,4,0.0135213
prologue,4,0.0135213
wretched,4,0.0135213
player,4,0.0135213
thence,4,0.0135213
snow,4,0.0135213
fingers,4,0.0135213
meant,4,0.0135213
meet,4,0.0135213
figure,4,0.0135213
idle,4,0.0135213
buy,4,0.0135213
masters,4,0.0135213
meete,4,0.0135213
comming,4,0.0135213
acte,4,0.0135213
sleeping,4,0.0135213
commend,4,0.0135213
return'd,4,0.0135213
treasure,4,0.0135213
heerein,4,0.0135213
others,4,0.0135213
danger,4,0.0135213
heeles,4,0.0135213
flourish,4,0.0135213
knew,4,0.0135213
flye,4,0.0135213
honestie,4,0.0135213
kept,4,0.0135213
throw,4,0.0135213
affection,4,0.0135213
stage,4,0.0135213
natiue,4,0.0135213
nunnery,4,0.0135213
horrible,4,0.0135213
count,4,0.0135213
norway,4,0.0135213
starre,4,0.0135213
thrift,4,0.0135213
thrice,4,0.0135213
start,4,0.0135213
cornelius,4,0.0135213
woo't,4,0.0135213
court,4,0.0135213
think,4,0.0135213
honour,4,0.0135213
ease,4,0.0135213
ist,4,0.0135213
it's,4,0.0135213
stood,4,0.0135213
already,4,0.0135213
next,4,0.0135213
nights,4,0.0135213
either,4,0.0135213
blame,4,0.0135213
priam,4,0.0135213
hide,4,0.0135213
drift,4,0.0135213
would'st,4,0.0135213
modestie,4,0.0135213
consequence,4,0.0135213
prison,4,0.0135213
vnnaturall,4,0.0135213
spade,4,0.0135213
growes,4,0.0135213
cursed,4,0.0135213
safety,4,0.0135213
moone,4,0.0135213
tooke,4,0.0135213
toward,4,0.0135213
morning,4,0.0135213
mortall,4,0.0135213
kill'd,4,0.0135213
motiue,4,0.0135213
warlike,4,0.0135213
speed,4,0.0135213
extasie,4,0.0135213
cup,4,0.0135213
cunning,4,0.0135213
brow,4,0.0135213
answere,4,0.0135213
wit,4,0.0135213
kill,4,0.0135213
distracted,4,0.0135213
shortly,4,0.0135213
shot,4,0.0135213
whether,4,0.0135213
visit,4,0.0135213
reynoldo,4,0.0135213
lou'd,4,0.0135213
show,4,0.0135213
hang,4,0.0135213
bloud,4,0.0135213
quite,4,0.0135213
gallowes,4,0.0135213
chamber,4,0.0135213
seeming,4,0.0135213
rather,4,0.0135213
diuell,4,0.0135213
tend,4,0.0135213
shal,4,0.0135213
aboue,4,0.0135213
twice,4,0.0135213
awhile,4,0.0135213
left,4,0.0135213
seeing,4,0.0135213
bodies,4,0.0135213
bore,4,0.0135213
gifts,4,0.0135213
send,4,0.0135213
image,4,0.0135213
rose,4,0.0135213
pate,4,0.0135213
past,4,0.0135213
direct,4,0.0135213
base,4,0.0135213
glad,4,0.0135213
t',4,0.0135213
imagination,4,0.0135213
bones,4,0.0135213
weare,4,0.0135213
begun,4,0.0135213
'twill,4,0.0135213
wherein,4,0.0135213
choose,4,0.0135213
lose,4,0.0135213
discretion,4,0.0135213
length,4,0.0135213
whereto,4,0.0135213
gentle,4,0.0135213
incestuous,4,0.0135213
impart,4,0.0135213
lend,4,0.0135213
heate,4,0.0135213
whom,4,0.0135213
weepe,4,0.0135213
bosome,4,0.0135213
bene,4,0.0135213
hearing,4,0.0135213
certaine,4,0.0135213
violent,4,0.0135213
lies,4,0.0135213
attendant,4,0.0135213
growne,4,0.0135213
liberty,4,0.0135213
sits,4,0.0135213
doore,4,0.0135213
trumpet,4,0.0135213
rites,4,0.0135213
yea,4,0.0135213
forget,4,0.0135213
vnkle,4,0.0135213
ladies,4,0.0135213
colour,4,0.0135213
force,4,0.0135213
seal'd,4,0.0135213
ouer,4,0.0135213
heauy,4,0.0135213
making,4,0.0135213
tale,4,0.0135213
frame,4,0.0135213
white,4,0.0135213
closes,4,0.0135213
turne,4,0.0135213
beautie,4,0.0135213
cannon,4,0.0135213
turn'd,4,0.0135213
secret,4,0.0135213
sings,4,0.0135213
lands,4,0.0135213
lights,4,0.0135213
foure,4,0.0135213
violence,4,0.0135213
dew,3,0.010141
dyed,3,0.010141
norman,3,0.010141
if't,3,0.010141
pay,3,0.010141
election,3,0.010141
dyes,3,0.010141
nony,3,0.010141
imports,3,0.010141
desires,3,0.010141
repent,3,0.010141
saile,3,0.010141
tame,3,0.010141
salt,3,0.010141
stole,3,0.010141
tables,3,0.010141
stop,3,0.010141
effects,3,0.010141
horse,3,0.010141
iudge,3,0.010141
ee'n,3,0.010141
edge,3,0.010141
person,3,0.010141
subiect,3,0.010141
husbands,3,0.010141
inobled,3,0.010141
dreadfull,3,0.010141
i'm,3,0.010141
stuffe,3,0.010141
royall,3,0.010141
infinite,3,0.010141
rosincrane,3,0.010141
pit,3,0.010141
reueng'd,3,0.010141
order,3,0.010141
iephta,3,0.010141
strooke,3,0.010141
pace,3,0.010141
pipe,3,0.010141
iest,3,0.010141
outward,3,0.010141
ignorance,3,0.010141
otherwise,3,0.010141
sun,3,0.010141
saies,3,0.010141
did'st,3,0.010141
house,3,0.010141
passing,3,0.010141
obserue,3,0.010141
rich,3,0.010141
straight,3,0.010141
hower,3,0.010141
oddes,3,0.010141
sunne,3,0.010141
patient,3,0.010141
offended,3,0.010141
offer,3,0.010141
distemper,3,0.010141
suffer,3,0.010141
indeede,3,0.010141
safely,3,0.010141
dreames,3,0.010141
indifferent,3,0.010141
ones,3,0.010141
hearts,3,0.010141
sides,3,0.010141
loued,3,0.010141
hard,3,0.010141
louing,3,0.010141
maids,3,0.010141
leaues,3,0.010141
least,3,0.010141
maine,3,0.010141
read,3,0.010141
lead,3,0.010141
sirs,3,0.010141
manet,3,0.010141
receiu'd,3,0.010141
formes,3,0.010141
heartily,3,0.010141
sicke,3,0.010141
heauenly,3,0.010141
sixe,3,0.010141
skill,3,0.010141
foote,3,0.010141
foolish,3,0.010141
married,3,0.010141
smiling,3,0.010141
flat,3,0.010141
masse,3,0.010141
fixt,3,0.010141
knowes,3,0.010141
proue,3,0.010141
matters,3,0.010141
prou'd,3,0.010141
meere,3,0.010141
locke,3,0.010141
liege,3,0.010141
shadow,3,0.010141
shake,3,0.010141
rage,3,0.010141
likes,3,0.010141
guard,3,0.010141
lines,3,0.010141
liberall,3,0.010141
rapier,3,0.010141
guilt,3,0.010141
goodly,3,0.010141
liued,3,0.010141
liues,3,0.010141
sends,3,0.010141
gonzago,3,0.010141
soldiers,3,0.010141
sence,3,0.010141
loe,3,0.010141
rapiers,3,0.010141
letter,3,0.010141
lets,3,0.010141
giuing,3,0.010141
quantitie,3,0.010141
rash,3,0.010141
quality,3,0.010141
generous,3,0.010141
rat,3,0.010141
gather,3,0.010141
gaming,3,0.010141
hangers,3,0.010141
funerall,3,0.010141
neede,3,0.010141
present,3,0.010141
presence,3,0.010141
exercise,3,0.010141
prepare,3,0.010141
murder,3,0.010141
spring,3,0.010141
praise,3,0.010141
spundge,3,0.010141
estate,3,0.010141
staid,3,0.010141
remaines,3,0.010141
practice,3,0.010141
stands,3,0.010141
iustly,3,0.010141
starres,3,0.010141
expresse,3,0.010141
iust,3,0.010141
entertainment,3,0.010141
poyson'd,3,0.010141
neerer,3,0.010141
honour'd,3,0.010141
honourable,3,0.010141
sate,3,0.010141
pause,3,0.010141
new,3,0.010141
steele,3,0.010141
remembrance,3,0.010141
encounter,3,0.010141
sticke,3,0.010141
elsonower,3,0.010141
possible,3,0.010141
processe,3,0.010141
fight,3,0.010141
recouer,3,0.010141
few,3,0.010141
mens,3,0.010141
kisses,3,0.010141
mes,3,0.010141
feed,3,0.010141
feast,3,0.010141
sore,3,0.010141
faults,3,0.010141
soueraigne,3,0.010141
property,3,0.010141
hercules,3,0.010141
here's,3,0.010141
scena,3,0.010141
stirre,3,0.010141
mistris,3,0.010141
falles,3,0.010141
mock,3,0.010141
faithfull,3,0.010141
prince,3,0.010141
faine,3,0.010141
high,3,0.010141
priest,3,0.010141
speakes,3,0.010141
hill,3,0.010141
killes,3,0.010141
speciall,3,0.010141
mountaine,3,0.010141
hits,3,0.010141
tenders,3,0.010141
thinking,3,0.010141
ten,3,0.010141
valiant,3,0.010141
begger,3,0.010141
whilst,3,0.010141
tender,3,0.010141
whil'st,3,0.010141
crimes,3,0.010141
tempt,3,0.010141
choyce,3,0.010141
been,3,0.010141
wretch,3,0.010141
bold,3,0.010141
wed,3,0.010141
termes,3,0.010141
booke,3,0.010141
argall,3,0.010141
burst,3,0.010141
third,3,0.010141
admiration,3,0.010141
vses,3,0.010141
affliction,3,0.010141
creatures,3,0.010141
wittenberg,3,0.010141
bloody,3,0.010141
wayes,3,0.010141
caught,3,0.010141
deepe,3,0.010141
vnlesse,3,0.010141
visitation,3,0.010141
clay,3,0.010141
appeares,3,0.010141
touching,3,0.010141
along,3,0.010141
wheele,3,0.010141
dare,3,0.010141
wont,3,0.010141
consent,3,0.010141
boy,3,0.010141
breefe,3,0.010141
beating,3,0.010141
confession,3,0.010141
braue,3,0.010141
change,3,0.010141
wonder,3,0.010141
vnseene,3,0.010141
arras,3,0.010141
actor,3,0.010141
vice,3,0.010141
ambassadors,3,0.010141
bow,3,0.010141
argument,3,0.010141
alacke,3,0.010141
where's,3,0.010141
beauty,3,0.010141
voltemand,3,0.010141
cry,3,0.010141
content,3,0.010141
children,3,0.010141
vouchsafe,3,0.010141
thicke,3,0.010141
wherefore,3,0.010141
accident,3,0.010141
bap,3,0.010141
censure,3,0.010141
assume,3,0.010141
cosin,3,0.010141
vncle,3,0.010141
coarse,3,0.010141
bend,3,0.010141
aboord,3,0.010141
delight,3,0.010141
clouds,3,0.010141
delights,3,0.010141
aduice,3,0.010141
bent,3,0.010141
withdraw,3,0.010141
worse,3,0.010141
bestow,3,0.010141
wish,3,0.010141
wisest,3,0.010141
wanton,3,0.010141
bitter,3,0.010141
asse,3,0.010141
angels,3,0.010141
clowne,3,0.010141
cals,3,0.010141
close,3,0.010141
was't,3,0.010141
cap,3,0.010141
blesse,3,0.010141
appear'd,3,0.010141
teare,3,0.010141
courtier,3,0.010141
ambitious,3,0.010141
affaire,3,0.010141
assay,3,0.010141
command'ment,3,0.010141
a-while,3,0.010141
carry,3,0.010141
appeare,3,0.010141
vnckle,3,0.010141
vnfold,3,0.010141
vnderstanding,3,0.010141
counsell,3,0.010141
cerimony,2,0.00676064
celestiall,2,0.00676064
greefes,2,0.00676064
win,2,0.00676064
arrowes,2,0.00676064
meerely,2,0.00676064
greene,2,0.00676064
view,2,0.00676064
canst,2,0.00676064
graces,2,0.00676064
shapes,2,0.00676064
happy,2,0.00676064
windes,2,0.00676064
memorie,2,0.00676064
seekes,2,0.00676064
happily,2,0.00676064
seem'd,2,0.00676064
haply,2,0.00676064
shadowes,2,0.00676064
grapple,2,0.00676064
chance,2,0.00676064
capeable,2,0.00676064
melt,2,0.00676064
melancholly,2,0.00676064
capitall,2,0.00676064
meeting,2,0.00676064
graue-maker,2,0.00676064
assur'd,2,0.00676064
wilde,2,0.00676064
asking,2,0.00676064
grosse,2,0.00676064
wildely,2,0.00676064
habite,2,0.00676064
cease,2,0.00676064
ha't,2,0.00676064
violets,2,0.00676064
glasse,2,0.00676064
match,2,0.00676064
grownd,2,0.00676064
aske,2,0.00676064
sensible,2,0.00676064
guts,2,0.00676064
sending,2,0.00676064
senselesse,2,0.00676064
catch,2,0.00676064
guest,2,0.00676064
prouidence,2,0.00676064
guildenstern,2,0.00676064
wild,2,0.00676064
assignes,2,0.00676064
seen,2,0.00676064
mark,2,0.00676064
vndertake,2,0.00676064
willingly,2,0.00676064
mason,2,0.00676064
greeue,2,0.00676064
assistant,2,0.00676064
serues,2,0.00676064
carpenter,2,0.00676064
puh,2,0.00676064
seruants,2,0.00676064
griefe,2,0.00676064
haire,2,0.00676064
mars,2,0.00676064
willing,2,0.00676064
had'st,2,0.00676064
seru'd,2,0.00676064
vnction,2,0.00676064
serpent,2,0.00676064
morne,2,0.00676064
sinne,2,0.00676064
motion,2,0.00676064
apart,2,0.00676064
ape,2,0.00676064
single,2,0.00676064
wipe,2,0.00676064
preuent,2,0.00676064
closset,2,0.00676064
apparition,2,0.00676064
turnes,2,0.00676064
francisco,2,0.00676064
frankely,2,0.00676064
tush,2,0.00676064
wise,2,0.00676064
twaine,2,0.00676064
signifie,2,0.00676064
twenty,2,0.00676064
friendship,2,0.00676064
fro,2,0.00676064
sigh,2,0.00676064
side,2,0.00676064
sicknesse,2,0.00676064
month,2,0.00676064
moneths,2,0.00676064
shuffling,2,0.00676064
moneth,2,0.00676064
fye,2,0.00676064
coldly,2,0.00676064
truant,2,0.00676064
com'st,2,0.00676064
for's,2,0.00676064
for't,2,0.00676064
precious,2,0.00676064
forbid,2,0.00676064
forc'd,2,0.00676064
pregnant,2,0.00676064
fore,2,0.00676064
forehead,2,0.00676064
collection,2,0.00676064
collected,2,0.00676064
mouse,2,0.00676064
apprehension,2,0.00676064
forgiue,2,0.00676064
wisely,2,0.00676064
trumpets,2,0.00676064
mountaines,2,0.00676064
anticke,2,0.00676064
mount,2,0.00676064
former,2,0.00676064
tryall,2,0.00676064
clownes,2,0.00676064
pretty,2,0.00676064
clown,2,0.00676064
tune,2,0.00676064
sinnes,2,0.00676064
armour,2,0.00676064
childe,2,0.00676064
vengeance,2,0.00676064
mighty,2,0.00676064
pronounc'd,2,0.00676064
venome,2,0.00676064
cheerefully,2,0.00676064
cheere,2,0.00676064
cheeke,2,0.00676064
magots,2,0.00676064
middle,2,0.00676064
mettle,2,0.00676064
proper,2,0.00676064
method,2,0.00676064
promis'd,2,0.00676064
cheefe,2,0.00676064
shee'l,2,0.00676064
chast,2,0.00676064
going,2,0.00676064
golden,2,0.00676064
prophesie,2,0.00676064
charitable,2,0.00676064
merrie,2,0.00676064
character,2,0.00676064
chappell,2,0.00676064
merit,2,0.00676064
arrant,2,0.00676064
got,2,0.00676064
proclaimes,2,0.00676064
moment,2,0.00676064
gall,2,0.00676064
prisoner,2,0.00676064
galls,2,0.00676064
garden,2,0.00676064
apt,2,0.00676064
should'st,2,0.00676064
gate,2,0.00676064
wings,2,0.00676064
mischance,2,0.00676064
mirth,2,0.00676064
proclaime,2,0.00676064
church,2,0.00676064
propose,2,0.00676064
prodigall,2,0.00676064
profit,2,0.00676064
gent,2,0.00676064
vantage,2,0.00676064
profound,2,0.00676064
shoote,2,0.00676064
shooes,2,0.00676064
variable,2,0.00676064
minds,2,0.00676064
choller,2,0.00676064
mind,2,0.00676064
wine,2,0.00676064
shipwright,2,0.00676064
blowne,2,0.00676064
weaknesse,2,0.00676064
beggers,2,0.00676064
imployment,2,0.00676064
impon'd,2,0.00676064
begins,2,0.00676064
importing,2,0.00676064
bodie,2,0.00676064
vs'd,2,0.00676064
beguile,2,0.00676064
rises,2,0.00676064
rise,2,0.00676064
blush,2,0.00676064
ring,2,0.00676064
weake,2,0.00676064
imperiall,2,0.00676064
richer,2,0.00676064
blowes,2,0.00676064
blow,2,0.00676064
inclination,2,0.00676064
rewards,2,0.00676064
rew,2,0.00676064
waxes,2,0.00676064
reade,2,0.00676064
laying,2,0.00676064
readie,2,0.00676064
infaith,2,0.00676064
reading,2,0.00676064
returnes,2,0.00676064
ignorant,2,0.00676064
liest,2,0.00676064
volt,2,0.00676064
i'ue,2,0.00676064
rouse,2,0.00676064
roughly,2,0.00676064
ice,2,0.00676064
voltumand,2,0.00676064
weeds,2,0.00676064
iealousie,2,0.00676064
rotten,2,0.00676064
vouchers,2,0.00676064
ifaith,2,0.00676064
vow,2,0.00676064
vulgar,2,0.00676064
voyage,2,0.00676064
becomes,2,0.00676064
vpon't,2,0.00676064
leysure,2,0.00676064
leuies,2,0.00676064
bonds,2,0.00676064
ros,2,0.00676064
roome,2,0.00676064
weazell,2,0.00676064
weary,2,0.00676064
rogue,2,0.00676064
lest,2,0.00676064
weapon,2,0.00676064
red,2,0.00676064
ioyne,2,0.00676064
wash,2,0.00676064
recorder,2,0.00676064
remoue,2,0.00676064
wake,2,0.00676064
blasted,2,0.00676064
issue,2,0.00676064
blast,2,0.00676064
walkes,2,0.00676064
wary,2,0.00676064
know'st,2,0.00676064
iudgements,2,0.00676064
recoueries,2,0.00676064
want,2,0.00676064
ioyes,2,0.00676064
birth,2,0.00676064
keene,2,0.00676064
wants,2,0.00676064
bird,2,0.00676064
kettle,2,0.00676064
bestow'd,2,0.00676064
knees,2,0.00676064
rellish,2,0.00676064
knauish,2,0.00676064
beyond,2,0.00676064
beware,2,0.00676064
region,2,0.00676064
warre,2,0.00676064
intent,2,0.00676064
wafts,2,0.00676064
blest,2,0.00676064
rests,2,0.00676064
belike,2,0.00676064
lasting,2,0.00676064
bell,2,0.00676064
wag,2,0.00676064
larded,2,0.00676064
lap,2,0.00676064
rebellious,2,0.00676064
below,2,0.00676064
instrument,2,0.00676064
lament,2,0.00676064
voice,2,0.00676064
laide,2,0.00676064
laid,2,0.00676064
intreat,2,0.00676064
waste,2,0.00676064
reply,2,0.00676064
wait,2,0.00676064
inward,2,0.00676064
iot,2,0.00676064
ioue,2,0.00676064
repaire,2,0.00676064
labour,2,0.00676064
renish,2,0.00676064
la,2,0.00676064
purse,2,0.00676064
heau'n,2,0.00676064
aye,2,0.00676064
seale,2,0.00676064
cal'd,2,0.00676064
caesar,2,0.00676064
heauie,2,0.00676064
byrlady,2,0.00676064
m,2,0.00676064
by'th',2,0.00676064
purposes,2,0.00676064
buzze,2,0.00676064
lyes,2,0.00676064
hee's,2,0.00676064
whips,2,0.00676064
axe,2,0.00676064
lust,2,0.00676064
lungs,2,0.00676064
pursue,2,0.00676064
scripture,2,0.00676064
held,2,0.00676064
lucianus,2,0.00676064
scourge,2,0.00676064
puts,2,0.00676064
scope,2,0.00676064
lowd,2,0.00676064
scoene,2,0.00676064
burning,2,0.00676064
burnes,2,0.00676064
auoyd,2,0.00676064
attendants,2,0.00676064
harsh,2,0.00676064
has,2,0.00676064
haste,2,0.00676064
secure,2,0.00676064
malicious,2,0.00676064
hat,2,0.00676064
secunda,2,0.00676064
pure,2,0.00676064
canker,2,0.00676064
who's,2,0.00676064
hauing,2,0.00676064
secrecie,2,0.00676064
baby,2,0.00676064
camell,2,0.00676064
purging,2,0.00676064
author,2,0.00676064
maiesties,2,0.00676064
maiesticall,2,0.00676064
awake,2,0.00676064
hearers,2,0.00676064
heares,2,0.00676064
maiden,2,0.00676064
seas,2,0.00676064
vnion,2,0.00676064
awe,2,0.00676064
city,2,0.00676064
limbes,2,0.00676064
beares,2,0.00676064
breeding,2,0.00676064
breed,2,0.00676064
saluation,2,0.00676064
breathing,2,0.00676064
horrid,2,0.00676064
horridly,2,0.00676064
beasts,2,0.00676064
liquor,2,0.00676064
horses,2,0.00676064
quit,2,0.00676064
saide,2,0.00676064
houres,2,0.00676064
houses,2,0.00676064
wel,2,0.00676064
weigh'd,2,0.00676064
safe,2,0.00676064
likely,2,0.00676064
hundred,2,0.00676064
sable,2,0.00676064
s,2,0.00676064
hurt,2,0.00676064
vnworthy,2,0.00676064
run,2,0.00676064
rul'd,2,0.00676064
rugged,2,0.00676064
rude,2,0.00676064
rub,2,0.00676064
lookt,2,0.00676064
schollers,2,0.00676064
hey,2,0.00676064
burne,2,0.00676064
hid,2,0.00676064
bak'd,2,0.00676064
bulke,2,0.00676064
scape,2,0.00676064
whereof,2,0.00676064
barbary,2,0.00676064
builds,2,0.00676064
bare,2,0.00676064
scale,2,0.00676064
saylors,2,0.00676064
assurance,2,0.00676064
hitherto,2,0.00676064
bruite,2,0.00676064
look'd,2,0.00676064
baser,2,0.00676064
brooke,2,0.00676064
basket,2,0.00676064
lome,2,0.00676064
broke,2,0.00676064
broad,2,0.00676064
whale,2,0.00676064
briefe,2,0.00676064
lobby,2,0.00676064
liuing,2,0.00676064
wormwood,2,0.00676064
craft,2,0.00676064
fooles,2,0.00676064
enact,2,0.00676064
offences,2,0.00676064
playing,2,0.00676064
step,2,0.00676064
thou'lt,2,0.00676064
ends,2,0.00676064
odde,2,0.00676064
enemies,2,0.00676064
enemy,2,0.00676064
pleas'd,2,0.00676064
embrace,2,0.00676064
occasions,2,0.00676064
occasion,2,0.00676064
courtiers,2,0.00676064
pleasure,2,0.00676064
enterprize,2,0.00676064
wormes,2,0.00676064
station,2,0.00676064
pleasures,2,0.00676064
obseruance,2,0.00676064
country,2,0.00676064
countries,2,0.00676064
olde,2,0.00676064
story,2,0.00676064
ophel,2,0.00676064
open,2,0.00676064
they'l,2,0.00676064
plague,2,0.00676064
e'ne,2,0.00676064
cruell,2,0.00676064
plaid,2,0.00676064
easinesse,2,0.00676064
eate,2,0.00676064
platforme,2,0.00676064
cried,2,0.00676064
throat,2,0.00676064
wouldest,2,0.00676064
stone,2,0.00676064
crew,2,0.00676064
thirtie,2,0.00676064
often,2,0.00676064
admit,2,0.00676064
officers,2,0.00676064
creature,2,0.00676064
els,2,0.00676064
sting,2,0.00676064
thither,2,0.00676064
nose,2,0.00676064
spoke,2,0.00676064
excellence,2,0.00676064
thunder,2,0.00676064
exchange,2,0.00676064
pole,2,0.00676064
poleak,2,0.00676064
working,2,0.00676064
expell,2,0.00676064
noyse,2,0.00676064
conuert,2,0.00676064
toe,2,0.00676064
ah,2,0.00676064
spoken,2,0.00676064
contriue,2,0.00676064
aint,2,0.00676064
tongues,2,0.00676064
faces,2,0.00676064
faculty,2,0.00676064
contagion,2,0.00676064
wonted,2,0.00676064
wondrous,2,0.00676064
consider,2,0.00676064
falling,2,0.00676064
falne,2,0.00676064
obedience,2,0.00676064
plots,2,0.00676064
throate,2,0.00676064
envenom'd,2,0.00676064
epitaph,2,0.00676064
equall,2,0.00676064
pluck,2,0.00676064
throne,2,0.00676064
pluckes,2,0.00676064
obligation,2,0.00676064
escape,2,0.00676064
couch,2,0.00676064
actus,2,0.00676064
cost,2,0.00676064
spurnes,2,0.00676064
eternall,2,0.00676064
oath,2,0.00676064
corruption,2,0.00676064
o'th',2,0.00676064
throwne,2,0.00676064
spred,2,0.00676064
points,2,0.00676064
euill,2,0.00676064
sport,2,0.00676064
pardon'd,2,0.00676064
peculiar,2,0.00676064
swift,2,0.00676064
die,2,0.00676064
sweete,2,0.00676064
diet,2,0.00676064
passage,2,0.00676064
sweat,2,0.00676064
swearing,2,0.00676064
digge,2,0.00676064
dignity,2,0.00676064
peepe,2,0.00676064
dirt,2,0.00676064
teeth,2,0.00676064
disclos'd,2,0.00676064
suppresse,2,0.00676064
supper,2,0.00676064
palme,2,0.00676064
absurd,2,0.00676064
dishonour,2,0.00676064
paire,2,0.00676064
dismall,2,0.00676064
painted,2,0.00676064
dispatch,2,0.00676064
deede,2,0.00676064
taken,2,0.00676064
demands,2,0.00676064
'em,2,0.00676064
a'th',2,0.00676064
demand,2,0.00676064
tane,2,0.00676064
deny,2,0.00676064
depends,2,0.00676064
talke,2,0.00676064
desart,2,0.00676064
deliuer'd,2,0.00676064
deliuer,2,0.00676064
suites,2,0.00676064
delay,2,0.00676064
destroy,2,0.00676064
pastime,2,0.00676064
tearmes,2,0.00676064
t'haue,2,0.00676064
tedious,2,0.00676064
sworne,2,0.00676064
passionate,2,0.00676064
defend,2,0.00676064
diadem,2,0.00676064
defence,2,0.00676064
actors,2,0.00676064
wrote,2,0.00676064
dozen,2,0.00676064
wrong'd,2,0.00676064
drawes,2,0.00676064
theame,2,0.00676064
picture,2,0.00676064
daggers,2,0.00676064
cut,2,0.00676064
drinkes,2,0.00676064
driue,2,0.00676064
strike,2,0.00676064
pious,2,0.00676064
doue,2,0.00676064
currants,2,0.00676064
pith,2,0.00676064
orchard,2,0.00676064
acts,2,0.00676064
drumme,2,0.00676064
pittie,2,0.00676064
dry,2,0.00676064
opposition,2,0.00676064
strangely,2,0.00676064
pitty,2,0.00676064
opinions,2,0.00676064
yeares,2,0.00676064
suite,2,0.00676064
distraction,2,0.00676064
suffers,2,0.00676064
distrust,2,0.00676064
diuel,2,0.00676064
persons,2,0.00676064
diuinity,2,0.00676064
accent,2,0.00676064
own,2,0.00676064
do't,2,0.00676064
succession,2,0.00676064
aduancement,2,0.00676064
terme,2,0.00676064
dogge,2,0.00676064
pesant,2,0.00676064
pestilent,2,0.00676064
ours,2,0.00676064
according,2,0.00676064
doomesday,2,0.00676064
doores,2,0.00676064
ouer-done,2,0.00676064
doubtfull,2,0.00676064
y'are,2,0.00676064
neglected,2,0.00676064
songs,2,0.00676064
somthing,2,0.00676064
treacherie,2,0.00676064
fellowship,2,0.00676064
nephewes,2,0.00676064
treacherous,2,0.00676064
fetch,2,0.00676064
powers,2,0.00676064
powres,2,0.00676064
sonnes,2,0.00676064
amazement,2,0.00676064
fiery,2,0.00676064
fighting,2,0.00676064
complexion,2,0.00676064
needfull,2,0.00676064
wittingly,2,0.00676064
solemne,2,0.00676064
find,2,0.00676064
aloofe,2,0.00676064
confine,2,0.00676064
allowed,2,0.00676064
nightly,2,0.00676064
neyther,2,0.00676064
fauours,2,0.00676064
sort,2,0.00676064
sorry,2,0.00676064
traile,2,0.00676064
tremble,2,0.00676064
sorrie,2,0.00676064
potent,2,0.00676064
sooner,2,0.00676064
alwayes,2,0.00676064
feature,2,0.00676064
fee,2,0.00676064
translate,2,0.00676064
feede,2,0.00676064
slightly,2,0.00676064
smooth,2,0.00676064
smile,2,0.00676064
naked,2,0.00676064
slow,2,0.00676064
flowers,2,0.00676064
mutes,2,0.00676064
foe,2,0.00676064
angell,2,0.00676064
nation,2,0.00676064
prayer,2,0.00676064
followed,2,0.00676064
comedie,2,0.00676064
fond,2,0.00676064
witchcraft,2,0.00676064
precepts,2,0.00676064
troubles,2,0.00676064
murderer,2,0.00676064
necessary,2,0.00676064
findes,2,0.00676064
finding,2,0.00676064
poysoner,2,0.00676064
necke,2,0.00676064
fines,2,0.00676064
finger,2,0.00676064
soldier,2,0.00676064
tribute,2,0.00676064
wonderfull,2,0.00676064
tricke,2,0.00676064
fishmonger,2,0.00676064
trickes,2,0.00676064
fits,2,0.00676064
naught,2,0.00676064
natures,2,0.00676064
flame,2,0.00676064
flaming,2,0.00676064
fantasie,2,0.00676064
allowance,2,0.00676064
confound,2,0.00676064
fancy,2,0.00676064
fate,2,0.00676064
sourse,2,0.00676064
towards,2,0.00676064
coniure,2,0.00676064
toy,2,0.00676064
soultry,2,0.00676064
fals,2,0.00676064
fares,2,0.00676064
trade,2,0.00676064
nine,2,0.00676064
witnesse,1,0.00338032
withers,1,0.00338032
pernicious,1,0.00338032
perpend,1,0.00338032
perseuer,1,0.00338032
perfections,1,0.00338032
ratified,1,0.00338032
protestation,1,0.00338032
within's,1,0.00338032
yeeld,1,0.00338032
wittemberge,1,0.00338032
woodcocke,1,0.00338032
weapons,1,0.00338032
rate,1,0.00338032
weares,1,0.00338032
rashly,1,0.00338032
personall,1,0.00338032
practises,1,0.00338032
rashnesse,1,0.00338032
years,1,0.00338032
wisedomes,1,0.00338032
raines,1,0.00338032
perform'd,1,0.00338032
performance,1,0.00338032
performe,1,0.00338032
willow,1,0.00338032
reaches,1,0.00338032
reach,1,0.00338032
re-word,1,0.00338032
re-deliuer,1,0.00338032
wither'd,1,0.00338032
prais'd,1,0.00338032
raw,1,0.00338032
raues,1,0.00338032
ratifiers,1,0.00338032
rauen,1,0.00338032
wonder-wounded,1,0.00338032
perfume,1,0.00338032
praier,1,0.00338032
yeelding,1,0.00338032
prai'st,1,0.00338032
rauell,1,0.00338032
prosperously,1,0.00338032
weaker,1,0.00338032
perillous,1,0.00338032
permanent,1,0.00338032
weakest,1,0.00338032
pricke,1,0.00338032
rank,1,0.00338032
prick'd,1,0.00338032
range,1,0.00338032
pettie,1,0.00338032
petty,1,0.00338032
philosophie,1,0.00338032
philosophy,1,0.00338032
phoebus,1,0.00338032
woodcocks,1,0.00338032
yaughan,1,0.00338032
ranck,1,0.00338032
yases,1,0.00338032
winnowed,1,0.00338032
weedes,1,0.00338032
poniards,1,0.00338032
weedy,1,0.00338032
y,1,0.00338032
william,1,0.00338032
willes,1,0.00338032
physicke,1,0.00338032
pride,1,0.00338032
ran,1,0.00338032
writers,1,0.00338032
rais'd,1,0.00338032
pick'd,1,0.00338032
winner,1,0.00338032
wedding,1,0.00338032
wearing,1,0.00338032
rascall,1,0.00338032
rare,1,0.00338032
practise,1,0.00338032
possession,1,0.00338032
proportions,1,0.00338032
perturbed,1,0.00338032
protests,1,0.00338032
rapsidie,1,0.00338032
prey,1,0.00338032
perusall,1,0.00338032
peruse,1,0.00338032
perswade,1,0.00338032
pery-wig-pated,1,0.00338032
poysons,1,0.00338032
pester,1,0.00338032
pestilence,1,0.00338032
rant,1,0.00338032
poysoning,1,0.00338032
propheticke,1,0.00338032
winters,1,0.00338032
priams,1,0.00338032
yawne,1,0.00338032
rankly,1,0.00338032
weede,1,0.00338032
recorders,1,0.00338032
prenominate,1,0.00338032
recount,1,0.00338032
recouery,1,0.00338032
porches,1,0.00338032
prepar'd,1,0.00338032
preparation,1,0.00338032
peace-parted,1,0.00338032
peake,1,0.00338032
portraiture,1,0.00338032
records,1,0.00338032
peale,1,0.00338032
praying,1,0.00338032
wishes,1,0.00338032
yonger,1,0.00338032
preparations,1,0.00338032
wish'd,1,0.00338032
prayers,1,0.00338032
pearle,1,0.00338032
reconcilement,1,0.00338032
possesse,1,0.00338032
witching,1,0.00338032
recognizances,1,0.00338032
windlesses,1,0.00338032
yonder,1,0.00338032
wisenesse,1,0.00338032
popt,1,0.00338032
porpentine,1,0.00338032
warres,1,0.00338032
reignes,1,0.00338032
tast,1,0.00338032
regards,1,0.00338032
wart,1,0.00338032
regard,1,0.00338032
pawse,1,0.00338032
refraine,1,0.00338032
witch,1,0.00338032
portall,1,0.00338032
reforme,1,0.00338032
reform'd,1,0.00338032
yond,1,0.00338032
yoricks,1,0.00338032
payed,1,0.00338032
precedent,1,0.00338032
reeles,1,0.00338032
proposer,1,0.00338032
yorick,1,0.00338032
reechie,1,0.00338032
payes,1,0.00338032
pe,1,0.00338032
redeliuer,1,0.00338032
props,1,0.00338032
preaching,1,0.00338032
presures,1,0.00338032
rebellion,1,0.00338032
yesty,1,0.00338032
reasons,1,0.00338032
waues,1,0.00338032
pendant,1,0.00338032
yesternight,1,0.00338032
reare,1,0.00338032
realme,1,0.00338032
penetrable,1,0.00338032
people,1,0.00338032
perceiue,1,0.00338032
reaks,1,0.00338032
perceiued,1,0.00338032
waterflie,1,0.00338032
wauing,1,0.00338032
wax,1,0.00338032
yesterday,1,0.00338032
prettinesse,1,0.00338032
yeomans,1,0.00338032
pons,1,0.00338032
ready,1,0.00338032
reads,1,0.00338032
perdie,1,0.00338032
perfect,1,0.00338032
readinesse,1,0.00338032
waxe,1,0.00338032
yon,1,0.00338032
winch,1,0.00338032
pratlings,1,0.00338032
reckoning,1,0.00338032
reckon,1,0.00338032
presentment,1,0.00338032
peebles,1,0.00338032
wassels,1,0.00338032
recklesse,1,0.00338032
receiues,1,0.00338032
wood,1,0.00338032
wast,1,0.00338032
poor,1,0.00338032
withdrew,1,0.00338032
watchmen,1,0.00338032
prating,1,0.00338032
watcht,1,0.00338032
prate,1,0.00338032
prankes,1,0.00338032
rebuke,1,0.00338032
praises,1,0.00338032
president,1,0.00338032
rebels,1,0.00338032
pressure,1,0.00338032
peeuish,1,0.00338032
pelion,1,0.00338032
posset,1,0.00338032
playd,1,0.00338032
worth,1,0.00338032
whipt,1,0.00338032
profession,1,0.00338032
poure,1,0.00338032
purpos'd,1,0.00338032
pour'd,1,0.00338032
worst,1,0.00338032
whirle-winde,1,0.00338032
playes,1,0.00338032
policie,1,0.00338032
worser,1,0.00338032
pound,1,0.00338032
worthy,1,0.00338032
whisper,1,0.00338032
potion,1,0.00338032
purport,1,0.00338032
profoundest,1,0.00338032
worne,1,0.00338032
progresse,1,0.00338032
window,1,0.00338032
wing,1,0.00338032
pleasant,1,0.00338032
prouinciall,1,0.00338032
proiect,1,0.00338032
poland,1,0.00338032
push,1,0.00338032
possest,1,0.00338032
proceeded,1,0.00338032
whine,1,0.00338032
pox,1,0.00338032
pyrate,1,0.00338032
proceeding,1,0.00338032
pollax,1,0.00338032
puzels,1,0.00338032
womans,1,0.00338032
whipping,1,0.00338032
proclaim'd,1,0.00338032
world's,1,0.00338032
whispers,1,0.00338032
pursuest,1,0.00338032
pursued,1,0.00338032
plautus,1,0.00338032
polititian,1,0.00338032
powerfully,1,0.00338032
wot,1,0.00338032
wombe,1,0.00338032
pursie,1,0.00338032
play's,1,0.00338032
prouerbe,1,0.00338032
prouide,1,0.00338032
politician,1,0.00338032
pocket,1,0.00338032
punisht,1,0.00338032
punish,1,0.00338032
whoreson,1,0.00338032
prophane,1,0.00338032
pulse,1,0.00338032
worlds,1,0.00338032
winds,1,0.00338032
possitiuely,1,0.00338032
plum-tree,1,0.00338032
plundge,1,0.00338032
post-hast,1,0.00338032
plye,1,0.00338032
pronounce,1,0.00338032
postscript,1,0.00338032
pul'd,1,0.00338032
post,1,0.00338032
pronouncing,1,0.00338032
windy,1,0.00338032
worm,1,0.00338032
pocky,1,0.00338032
widdow,1,0.00338032
poem,1,0.00338032
poesie,1,0.00338032
puft,1,0.00338032
poet,1,0.00338032
publike,1,0.00338032
pledge,1,0.00338032
potently,1,0.00338032
pleasing,1,0.00338032
purples,1,0.00338032
whit,1,0.00338032
prouoke,1,0.00338032
polake,1,0.00338032
purgation,1,0.00338032
purg'd,1,0.00338032
prowd,1,0.00338032
prolongs,1,0.00338032
purer,1,0.00338032
womens,1,0.00338032
winkes,1,0.00338032
prophanely,1,0.00338032
wholsom,1,0.00338032
plentifull,1,0.00338032
purchases,1,0.00338032
promise,1,0.00338032
promise-cramm'd,1,0.00338032
promontory,1,0.00338032
prompted,1,0.00338032
won,1,0.00338032
whor'd,1,0.00338032
whore,1,0.00338032
puppets,1,0.00338032
quilles,1,0.00338032
quoted,1,0.00338032
weighing,1,0.00338032
pompe,1,0.00338032
pins,1,0.00338032
pioner,1,0.00338032
quintessence,1,0.00338032
wilfully,1,0.00338032
wildenesse,1,0.00338032
write,1,0.00338032
quillets,1,0.00338032
weight,1,0.00338032
primus,1,0.00338032
primy,1,0.00338032
quoth,1,0.00338032
winne,1,0.00338032
proud,1,0.00338032
pitious,1,0.00338032
pitteous,1,0.00338032
wore,1,0.00338032
welcom,1,0.00338032
work,1,0.00338032
quietus,1,0.00338032
princes,1,0.00338032
quietly,1,0.00338032
well-tooke,1,0.00338032
zone,1,0.00338032
pictures,1,0.00338032
raine,1,0.00338032
ponderous,1,0.00338032
ragges,1,0.00338032
propertie,1,0.00338032
rages,1,0.00338032
picked,1,0.00338032
pickers,1,0.00338032
pickhaxe,1,0.00338032
weepes,1,0.00338032
weeping,1,0.00338032
prima,1,0.00338032
weigh,1,0.00338032
quiddits,1,0.00338032
piece,1,0.00338032
radiant,1,0.00338032
wooes,1,0.00338032
pierce,1,0.00338032
racke,1,0.00338032
rac'd,1,0.00338032
primall,1,0.00338032
pigeon-liuer'd,1,0.00338032
pile,1,0.00338032
primrose,1,0.00338032
pinch,1,0.00338032
rabble,1,0.00338032
plaist'ring,1,0.00338032
quarelling,1,0.00338032
placed,1,0.00338032
places,1,0.00338032
priuates,1,0.00338032
workes,1,0.00338032
winking,1,0.00338032
whereat,1,0.00338032
priuy,1,0.00338032
prize,1,0.00338032
probation,1,0.00338032
plaine,1,0.00338032
qualifies,1,0.00338032
quarrell,1,0.00338032
whet,1,0.00338032
quake,1,0.00338032
wringing,1,0.00338032
wring,1,0.00338032
quaintly,1,0.00338032
whiffe,1,0.00338032
wrath,1,0.00338032
wracke,1,0.00338032
wounded,1,0.00338032
whiles,1,0.00338032
proceed,1,0.00338032
planets,1,0.00338032
wheaten,1,0.00338032
westward,1,0.00338032
pittied,1,0.00338032
quicknesse,1,0.00338032
quickly,1,0.00338032
pittifull,1,0.00338032
quick-siluer,1,0.00338032
wharfe,1,0.00338032
questionable,1,0.00338032
whats,1,0.00338032
quest,1,0.00338032
pittious,1,0.00338032
whatsoeuer,1,0.00338032
weeke,1,0.00338032
prison-house,1,0.00338032
plac'd,1,0.00338032
quarry,1,0.00338032
plac't,1,0.00338032
pollonius,1,0.00338032
woer,1,0.00338032
wold,1,0.00338032
whence,1,0.00338032
wrist,1,0.00338032
priuate,1,0.00338032
wrinkled,1,0.00338032
whereas,1,0.00338032
souldiours,1,0.00338032
soop-stake,1,0.00338032
transforme,1,0.00338032
transformation,1,0.00338032
traitorous,1,0.00338032
sorrowes,1,0.00338032
sorts,1,0.00338032
tragicall-historicall,1,0.00338032
tragicall-comicall-historicall-pastorall,1,0.00338032
tragedians,1,0.00338032
soueraignty,1,0.00338032
souldiers,1,0.00338032
soone,1,0.00338032
trace,1,0.00338032
toyles,1,0.00338032
toyle,1,0.00338032
towring,1,0.00338032
town-cryer,1,0.00338032
sounded,1,0.00338032
sounds,1,0.00338032
southerly,1,0.00338032
sowing,1,0.00338032
soyle,1,0.00338032
treads,1,0.00338032
tributary,1,0.00338032
trespasse,1,0.00338032
soldiours,1,0.00338032
solicited,1,0.00338032
soliciting,1,0.00338032
tree,1,0.00338032
solid,1,0.00338032
solidity,1,0.00338032
sollemne,1,0.00338032
treble,1,0.00338032
trebble,1,0.00338032
space,1,0.00338032
tread,1,0.00338032
sometime,1,0.00338032
someuer,1,0.00338032
somewhat,1,0.00338032
somnet,1,0.00338032
traueller,1,0.00338032
trauaile,1,0.00338032
song,1,0.00338032
trappings,1,0.00338032
sonnet,1,0.00338032
split,1,0.00338032
spheres,1,0.00338032
spies,1,0.00338032
spight,1,0.00338032
spill's,1,0.00338032
spilt,1,0.00338032
tinct,1,0.00338032
timbred,1,0.00338032
til,1,0.00338032
tickled,1,0.00338032
thunders,1,0.00338032
spleenatiue,1,0.00338032
sphere,1,0.00338032
spoakes,1,0.00338032
spokes,1,0.00338032
spots,1,0.00338032
thumbe,1,0.00338032
sprindge,1,0.00338032
springes,1,0.00338032
throwing,1,0.00338032
springs,1,0.00338032
sprinkle,1,0.00338032
sprung,1,0.00338032
speaks,1,0.00338032
spacious,1,0.00338032
touches,1,0.00338032
touch'd,1,0.00338032
tother,1,0.00338032
torrent,1,0.00338032
spake,1,0.00338032
tormenting,1,0.00338032
sparke,1,0.00338032
sparrow,1,0.00338032
torches,1,0.00338032
sokes,1,0.00338032
tong,1,0.00338032
tokens,1,0.00338032
spectators,1,0.00338032
speeches,1,0.00338032
speechlesse,1,0.00338032
to'th,1,0.00338032
speedie,1,0.00338032
to't,1,0.00338032
speedier,1,0.00338032
spend,1,0.00338032
tryalls,1,0.00338032
turn'st,1,0.00338032
singeth,1,0.00338032
turke,1,0.00338032
turfe,1,0.00338032
turbulent,1,0.00338032
tunes,1,0.00338032
sinners,1,0.00338032
sinnewes,1,0.00338032
sipping,1,0.00338032
tumbled,1,0.00338032
tugging,1,0.00338032
turneth,1,0.00338032
sister's,1,0.00338032
truster,1,0.00338032
sith,1,0.00338032
truncheons,1,0.00338032
sitting,1,0.00338032
six,1,0.00338032
trulie,1,0.00338032
sixeteene,1,0.00338032
sixteene,1,0.00338032
siz'd,1,0.00338032
twixt,1,0.00338032
shrunke,1,0.00338032
shuffel'd,1,0.00338032
tyrant,1,0.00338032
shut,1,0.00338032
tyrannous,1,0.00338032
tyrannically,1,0.00338032
sicklied,1,0.00338032
sickly,1,0.00338032
two-fold,1,0.00338032
sift,1,0.00338032
sighe,1,0.00338032
skin,1,0.00338032
sighes,1,0.00338032
twentieth,1,0.00338032
signet,1,0.00338032
tweakes,1,0.00338032
siluer'd,1,0.00338032
simple,1,0.00338032
simples,1,0.00338032
tutor,1,0.00338032
sindging,1,0.00338032
sinewes,1,0.00338032
snatches,1,0.00338032
small,1,0.00338032
smart,1,0.00338032
smear'd,1,0.00338032
smels,1,0.00338032
triuiall,1,0.00338032
smelt,1,0.00338032
smiles,1,0.00338032
tristfull,1,0.00338032
smoothnesse,1,0.00338032
trippingly,1,0.00338032
smot,1,0.00338032
sliuer,1,0.00338032
trip,1,0.00338032
trifling,1,0.00338032
soales,1,0.00338032
trifle,1,0.00338032
sober,1,0.00338032
tride,1,0.00338032
sodainely,1,0.00338032
tricks,1,0.00338032
soil'd,1,0.00338032
trick'd,1,0.00338032
slay,1,0.00338032
skirts,1,0.00338032
skyish,1,0.00338032
slander,1,0.00338032
slanders,1,0.00338032
truepenny,1,0.00338032
truely,1,0.00338032
slaues,1,0.00338032
true-loue,1,0.00338032
slaughter,1,0.00338032
slaughters,1,0.00338032
squeezing,1,0.00338032
sledded,1,0.00338032
trouble,1,0.00338032
tropically,1,0.00338032
trophies,1,0.00338032
trophee,1,0.00338032
slender,1,0.00338032
slight,1,0.00338032
slings,1,0.00338032
triumph,1,0.00338032
slips,1,0.00338032
suffering,1,0.00338032
stye,1,0.00338032
stythe,1,0.00338032
subscrib'd,1,0.00338032
substance,1,0.00338032
termagant,1,0.00338032
successiue,1,0.00338032
tenures,1,0.00338032
tennis,1,0.00338032
suck'd,1,0.00338032
suck't,1,0.00338032
tenants,1,0.00338032
stung,1,0.00338032
suffred,1,0.00338032
suiting,1,0.00338032
sulleyes,1,0.00338032
sulphurous,1,0.00338032
summe,1,0.00338032
summons,1,0.00338032
temple,1,0.00338032
sundaies,1,0.00338032
sunday,1,0.00338032
tempest,1,0.00338032
th'art,1,0.00338032
strook,1,0.00338032
thaw,1,0.00338032
struck,1,0.00338032
strucken,1,0.00338032
strugling,1,0.00338032
strumpet,1,0.00338032
thanks,1,0.00338032
strumpet-fortune,1,0.00338032
thank,1,0.00338032
strutted,1,0.00338032
th'hyrcanian,1,0.00338032
superfluous,1,0.00338032
stubborne,1,0.00338032
tetter,1,0.00338032
stubbornnesse,1,0.00338032
stuck,1,0.00338032
tether,1,0.00338032
student,1,0.00338032
study,1,0.00338032
test,1,0.00338032
tertia,1,0.00338032
terrible,1,0.00338032
tax,1,0.00338032
tellus,1,0.00338032
sweets,1,0.00338032
switzers,1,0.00338032
tediousnesse,1,0.00338032
swords,1,0.00338032
sworn't,1,0.00338032
synod,1,0.00338032
t'would,1,0.00338032
table-booke,1,0.00338032
taint,1,0.00338032
taints,1,0.00338032
sweepe,1,0.00338032
talk'd,1,0.00338032
talkes,1,0.00338032
tatters,1,0.00338032
tan'd,1,0.00338032
tanner,1,0.00338032
tardie,1,0.00338032
tardy,1,0.00338032
target,1,0.00338032
tarre,1,0.00338032
taske,1,0.00338032
suspiration,1,0.00338032
superuize,1,0.00338032
suppliance,1,0.00338032
supply,1,0.00338032
temperately,1,0.00338032
supposall,1,0.00338032
temperance,1,0.00338032
surge,1,0.00338032
surmise,1,0.00338032
surrender,1,0.00338032
suruiuer,1,0.00338032
theater,1,0.00338032
sustaine,1,0.00338032
sute,1,0.00338032
temp'red,1,0.00338032
sutes,1,0.00338032
swaggering,1,0.00338032
swallowed,1,0.00338032
swathing,1,0.00338032
swear't,1,0.00338032
tels,1,0.00338032
sweaty,1,0.00338032
thirty,1,0.00338032
steep'd,1,0.00338032
steepe,1,0.00338032
steps,1,0.00338032
thorny,1,0.00338032
sterne,1,0.00338032
sterrill,1,0.00338032
stew'd,1,0.00338032
steward,1,0.00338032
stickes,1,0.00338032
stiffely,1,0.00338032
thornes,1,0.00338032
thou-,1,0.00338032
stirr'd,1,0.00338032
stirring,1,0.00338032
stocke,1,0.00338032
thirties,1,0.00338032
stockings,1,0.00338032
stomacke,1,0.00338032
thinkst,1,0.00338032
stones,1,0.00338032
stoode,1,0.00338032
stoopes,1,0.00338032
stately,1,0.00338032
staffe,1,0.00338032
throughly,1,0.00338032
stages,1,0.00338032
staires,1,0.00338032
stale,1,0.00338032
stalke,1,0.00338032
stalkes,1,0.00338032
standing,1,0.00338032
starling,1,0.00338032
started,1,0.00338032
threats,1,0.00338032
stooping,1,0.00338032
threatning,1,0.00338032
statists,1,0.00338032
threaten,1,0.00338032
statutes,1,0.00338032
stayes,1,0.00338032
steale,1,0.00338032
stealers,1,0.00338032
stealing,1,0.00338032
thought-sicke,1,0.00338032
steals,1,0.00338032
strife,1,0.00338032
strawes,1,0.00338032
streame,1,0.00338032
streets,1,0.00338032
strength,1,0.00338032
strengthen,1,0.00338032
strew,1,0.00338032
strew'd,1,0.00338032
thereabout,1,0.00338032
strewments,1,0.00338032
strick'd,1,0.00338032
strict,1,0.00338032
stranger,1,0.00338032
strikes,1,0.00338032
striking,1,0.00338032
strings,1,0.00338032
ther's,1,0.00338032
stroakes,1,0.00338032
stroke,1,0.00338032
theme,1,0.00338032
theft,1,0.00338032
theeues,1,0.00338032
strongest,1,0.00338032
storie,1,0.00338032
stopes,1,0.00338032
thinke't,1,0.00338032
stopp,1,0.00338032
thing-,1,0.00338032
stoppes,1,0.00338032
thin,1,0.00338032
thicker,1,0.00338032
stopping,1,0.00338032
stops,1,0.00338032
thewes,1,0.00338032
shrowding-sheete,1,0.00338032
thether,1,0.00338032
storme,1,0.00338032
therfore,1,0.00338032
thereunto,1,0.00338032
stoupe,1,0.00338032
thereto,1,0.00338032
stowed,1,0.00338032
thereon,1,0.00338032
thereof,1,0.00338032
therein,1,0.00338032
runs,1,0.00338032
rots,1,0.00338032
rouce,1,0.00338032
rough-hew,1,0.00338032
rowe,1,0.00338032
rowsed,1,0.00338032
volly,1,0.00338032
royally,1,0.00338032
ruine,1,0.00338032
rule,1,0.00338032
runnes,1,0.00338032
vnyoake,1,0.00338032
volume,1,0.00338032
russet,1,0.00338032
rusty,1,0.00338032
sables,1,0.00338032
sacred,1,0.00338032
sadly,1,0.00338032
sadnesse,1,0.00338032
vnwilling,1,0.00338032
vnwholsome,1,0.00338032
sage,1,0.00338032
vnweeded,1,0.00338032
roofe,1,0.00338032
roares,1,0.00338032
roasted,1,0.00338032
robe,1,0.00338032
robin,1,0.00338032
robustious,1,0.00338032
rocke,1,0.00338032
vpspring,1,0.00338032
romage,1,0.00338032
roman,1,0.00338032
rome-,1,0.00338032
rood,1,0.00338032
vnwatch'd,1,0.00338032
rore,1,0.00338032
vpshot,1,0.00338032
rosemary,1,0.00338032
roses,1,0.00338032
vppon,1,0.00338032
rosincran,1,0.00338032
vp-hoorded,1,0.00338032
rossius,1,0.00338032
rot,1,0.00338032
vouch,1,0.00338032
vnreclaim'd,1,0.00338032
satyre,1,0.00338032
satyricall,1,0.00338032
vnsanctified,1,0.00338032
vnrung,1,0.00338032
sauagenes,1,0.00338032
sauiours,1,0.00338032
sauory,1,0.00338032
vnripe,1,0.00338032
saw't,1,0.00338032
vnrighteous,1,0.00338032
sawes,1,0.00338032
satisfied,1,0.00338032
say'st,1,0.00338032
vnproportion'd,1,0.00338032
sayest,1,0.00338032
vnprofitable,1,0.00338032
vnpreuayling,1,0.00338032
vnpregnant,1,0.00338032
vnpolluted,1,0.00338032
saying,1,0.00338032
saylor,1,0.00338032
vnpegge,1,0.00338032
vnshaped,1,0.00338032
vnuallued,1,0.00338032
vntimely,1,0.00338032
vntill,1,0.00338032
vnsmirched,1,0.00338032
vnskilfull,1,0.00338032
saint,1,0.00338032
sallery,1,0.00338032
vnsinnowed,1,0.00338032
sallets,1,0.00338032
vnsifted,1,0.00338032
roaming,1,0.00338032
vnshaken,1,0.00338032
sanctified,1,0.00338032
sanctity,1,0.00338032
sancturize,1,0.00338032
sandal,1,0.00338032
sanitie,1,0.00338032
vnseale,1,0.00338032
vnschool'd,1,0.00338032
vnsatisfied,1,0.00338032
satisfaction,1,0.00338032
replication,1,0.00338032
walkt,1,0.00338032
remorselesse,1,0.00338032
remoued,1,0.00338032
rend,1,0.00338032
render,1,0.00338032
rendeuous,1,0.00338032
waites,1,0.00338032
rent,1,0.00338032
repast,1,0.00338032
repell,1,0.00338032
repentance,1,0.00338032
remorse,1,0.00338032
replies,1,0.00338032
waile,1,0.00338032
repose,1,0.00338032
repugnant,1,0.00338032
repulsed,1,0.00338032
waight,1,0.00338032
reputation,1,0.00338032
request,1,0.00338032
requiem,1,0.00338032
requit,1,0.00338032
remainder,1,0.00338032
releefe,1,0.00338032
warrantie,1,0.00338032
releeued,1,0.00338032
warning,1,0.00338032
relieu'd,1,0.00338032
warmes,1,0.00338032
warm'd,1,0.00338032
warlicke,1,0.00338032
religion,1,0.00338032
religious,1,0.00338032
remain,1,0.00338032
requite,1,0.00338032
wards,1,0.00338032
remaine,1,0.00338032
remedie,1,0.00338032
wantonnesse,1,0.00338032
remembrances,1,0.00338032
remembraunce,1,0.00338032
remembred,1,0.00338032
remisse,1,0.00338032
wandring,1,0.00338032
wall,1,0.00338032
rheume,1,0.00338032
vttered,1,0.00338032
reuengefull,1,0.00338032
reuennew,1,0.00338032
reuerend,1,0.00338032
reuerted,1,0.00338032
reuisits,1,0.00338032
reuolution,1,0.00338032
vtterance,1,0.00338032
vtter,1,0.00338032
vsurpe,1,0.00338032
vsurp'st,1,0.00338032
vulcans,1,0.00338032
rights,1,0.00338032
rim'd,1,0.00338032
vsuall,1,0.00338032
riotous,1,0.00338032
ripe,1,0.00338032
rite,1,0.00338032
riuals,1,0.00338032
riuer,1,0.00338032
riuet,1,0.00338032
ro,1,0.00338032
respect,1,0.00338032
resemble,1,0.00338032
resembles,1,0.00338032
wag'd,1,0.00338032
reserue,1,0.00338032
residence,1,0.00338032
resolue,1,0.00338032
resolutes,1,0.00338032
resolution,1,0.00338032
resort,1,0.00338032
respeaking,1,0.00338032
vnpacke,1,0.00338032
respects,1,0.00338032
responsiue,1,0.00338032
restore,1,0.00338032
restrain'd,1,0.00338032
retaine,1,0.00338032
retrograde,1,0.00338032
returneth,1,0.00338032
retyrement,1,0.00338032
reueale,1,0.00338032
reuels,1,0.00338032
shatter,1,0.00338032
shakespeare,1,0.00338032
shaking,1,0.00338032
vigour,1,0.00338032
shamefull,1,0.00338032
vienna,1,0.00338032
videlicet,1,0.00338032
shardes,1,0.00338032
share,1,0.00338032
shark'd,1,0.00338032
sharpe,1,0.00338032
vgly,1,0.00338032
vile,1,0.00338032
veyled,1,0.00338032
vertuous,1,0.00338032
she's,1,0.00338032
shee,1,0.00338032
vertues,1,0.00338032
verse,1,0.00338032
shee's,1,0.00338032
sheene,1,0.00338032
ventiges,1,0.00338032
sheep-skinnes,1,0.00338032
seruant,1,0.00338032
seneca,1,0.00338032
virgin,1,0.00338032
violl,1,0.00338032
sepulcher,1,0.00338032
violet,1,0.00338032
sequell,1,0.00338032
ser,1,0.00338032
sere,1,0.00338032
sergeant,1,0.00338032
serious,1,0.00338032
seriuce,1,0.00338032
sheepe,1,0.00338032
serue,1,0.00338032
seruices,1,0.00338032
setled,1,0.00338032
sets,1,0.00338032
seuen,1,0.00338032
villany,1,0.00338032
seuerall,1,0.00338032
villanous,1,0.00338032
sextons,1,0.00338032
villaines,1,0.00338032
shout,1,0.00338032
vanquisher,1,0.00338032
vanisht,1,0.00338032
valour,1,0.00338032
shortens,1,0.00338032
validitie,1,0.00338032
shoue,1,0.00338032
shouell,1,0.00338032
valentines,1,0.00338032
valentine,1,0.00338032
shoulder,1,0.00338032
shoulders,1,0.00338032
vapours,1,0.00338032
vaine,1,0.00338032
showes,1,0.00338032
showres,1,0.00338032
vacancie,1,0.00338032
shreds,1,0.00338032
shrewdly,1,0.00338032
tythe,1,0.00338032
shrill-sounding,1,0.00338032
shriuing,1,0.00338032
shrow'd,1,0.00338032
ship-wrights,1,0.00338032
sheets,1,0.00338032
shelfe,1,0.00338032
shell,1,0.00338032
shent,1,0.00338032
shepheards,1,0.00338032
shew'd,1,0.00338032
venom'd,1,0.00338032
shewne,1,0.00338032
shift,1,0.00338032
ship,1,0.00338032
vision,1,0.00338032
shippe,1,0.00338032
shipped,1,0.00338032
shirt,1,0.00338032
vbique,1,0.00338032
shockes,1,0.00338032
shold,1,0.00338032
varnish,1,0.00338032
shoo,1,0.00338032
shooke,1,0.00338032
shoone,1,0.00338032
vnknowing,1,0.00338032
vnmastred,1,0.00338032
screen'd,1,0.00338032
vnmaske,1,0.00338032
vnmannerly,1,0.00338032
scuffling,1,0.00338032
vnmanly,1,0.00338032
vnlimited,1,0.00338032
scul,1,0.00338032
vnknowne,1,0.00338032
scullion,1,0.00338032
se,1,0.00338032
scratcht,1,0.00338032
sea-gowne,1,0.00338032
seal,1,0.00338032
vnkles,1,0.00338032
vnkinde,1,0.00338032
seales,1,0.00338032
vnkennell,1,0.00338032
vniuersity,1,0.00338032
vnite,1,0.00338032
search,1,0.00338032
vnimproued,1,0.00338032
scarsely,1,0.00338032
scandall,1,0.00338032
scann'd,1,0.00338032
vnnerued,1,0.00338032
scant,1,0.00338032
scanter,1,0.00338032
scapes,1,0.00338032
scarce,1,0.00338032
scarft,1,0.00338032
vnnaneld,1,0.00338032
scarse,1,0.00338032
season'd,1,0.00338032
scene,1,0.00338032
scholler,1,0.00338032
schoole,1,0.00338032
scoena,1,0.00338032
vnmixt,1,0.00338032
scoenes,1,0.00338032
sconce,1,0.00338032
scorne,1,0.00338032
vnmatch'd,1,0.00338032
scornes,1,0.00338032
selfe-,1,0.00338032
seed,1,0.00338032
vnforc'd,1,0.00338032
seek,1,0.00338032
vnfledg'd,1,0.00338032
vnequall,1,0.00338032
vneffectuall,1,0.00338032
vndoe,1,0.00338032
vndiscouered,1,0.00338032
vndertakings,1,0.00338032
seiz'd,1,0.00338032
select,1,0.00338032
see't,1,0.00338032
vncurrant,1,0.00338032
selfe-slaughter,1,0.00338032
selleredge,1,0.00338032
sement,1,0.00338032
vncharge,1,0.00338032
vnbrac'd,1,0.00338032
vnbated,1,0.00338032
vnbaited,1,0.00338032
vlcerous,1,0.00338032
visite,1,0.00338032
vngorg'd,1,0.00338032
vnhouzzled,1,0.00338032
vnholy,1,0.00338032
seasons,1,0.00338032
vnhatch't,1,0.00338032
seat,1,0.00338032
vnhappily,1,0.00338032
vnhand,1,0.00338032
seate,1,0.00338032
seated,1,0.00338032
vngracious,1,0.00338032
relatiue,1,0.00338032
secrets,1,0.00338032
vngartred,1,0.00338032
secricie,1,0.00338032
sect,1,0.00338032
secundus,1,0.00338032
vngalled,1,0.00338032
seduce,1,0.00338032
vnfortified,1,0.00338032
see's,1,0.00338032
see'st,1,0.00338032
crust,1,0.00338032
creepe,1,0.00338032
cressant,1,0.00338032
crib,1,0.00338032
crie,1,0.00338032
crimefull,1,0.00338032
croaking,1,0.00338032
crocodile,1,0.00338032
crooke,1,0.00338032
crosse,1,0.00338032
crow-flowers,1,0.00338032
crowing,1,0.00338032
crowner,1,0.00338032
crowners,1,0.00338032
crownes,1,0.00338032
credent,1,0.00338032
crye,1,0.00338032
cryed,1,0.00338032
cuckold,1,0.00338032
cudgell,1,0.00338032
cue,1,0.00338032
cuffes,1,0.00338032
cum,1,0.00338032
cuplet,1,0.00338032
cups,1,0.00338032
curd,1,0.00338032
cure,1,0.00338032
curiously,1,0.00338032
curles,1,0.00338032
courtesie,1,0.00338032
coronet,1,0.00338032
corporall,1,0.00338032
corrupted,1,0.00338032
costly,1,0.00338032
cou'nant,1,0.00338032
couched,1,0.00338032
counsellor,1,0.00338032
counter,1,0.00338032
counterfet,1,0.00338032
countrey,1,0.00338032
couple,1,0.00338032
courb,1,0.00338032
courses,1,0.00338032
courteous,1,0.00338032
curse,1,0.00338032
cousen,1,0.00338032
cousend,1,0.00338032
coward,1,0.00338032
cowards,1,0.00338032
coynage,1,0.00338032
crab,1,0.00338032
crack,1,0.00338032
crack'd,1,0.00338032
cracke,1,0.00338032
crafty,1,0.00338032
crash,1,0.00338032
crawling,1,0.00338032
creation,1,0.00338032
deepely,1,0.00338032
death-bed,1,0.00338032
debate,1,0.00338032
debatement,1,0.00338032
debt,1,0.00338032
decayer,1,0.00338032
deceiu'd,1,0.00338032
deceiued,1,0.00338032
deckt,1,0.00338032
declension,1,0.00338032
decline,1,0.00338032
declines,1,0.00338032
declining,1,0.00338032
deeds,1,0.00338032
deeme,1,0.00338032
death's,1,0.00338032
deerely,1,0.00338032
deerest,1,0.00338032
defeate,1,0.00338032
defeated,1,0.00338032
defeats,1,0.00338032
defect,1,0.00338032
defectiue,1,0.00338032
defie,1,0.00338032
define,1,0.00338032
deiect,1,0.00338032
deiected,1,0.00338032
deliberate,1,0.00338032
delicate,1,0.00338032
danskers,1,0.00338032
cursing,1,0.00338032
customary,1,0.00338032
cutpurse,1,0.00338032
cyclops,1,0.00338032
dagger,1,0.00338032
daintier,1,0.00338032
dalliance,1,0.00338032
dally,1,0.00338032
dallying,1,0.00338032
damnable,1,0.00338032
damnation,1,0.00338032
damne,1,0.00338032
damon,1,0.00338032
coronation,1,0.00338032
dar'd,1,0.00338032
dar'st,1,0.00338032
darke,1,0.00338032
darkest,1,0.00338032
daughters,1,0.00338032
dawning,1,0.00338032
dayly,1,0.00338032
daysie,1,0.00338032
daysies,1,0.00338032
deale,1,0.00338032
dealt,1,0.00338032
dearest,1,0.00338032
dearly,1,0.00338032
companions,1,0.00338032
combination,1,0.00338032
combined,1,0.00338032
comerce,1,0.00338032
comfort,1,0.00338032
coming,1,0.00338032
comma,1,0.00338032
commanded,1,0.00338032
commandment,1,0.00338032
commencement,1,0.00338032
commendable,1,0.00338032
comment,1,0.00338032
commings,1,0.00338032
compact,1,0.00338032
companies,1,0.00338032
combatted,1,0.00338032
company,1,0.00338032
compasse,1,0.00338032
compell'd,1,0.00338032
compelled,1,0.00338032
competent,1,0.00338032
compleat,1,0.00338032
complie,1,0.00338032
comply,1,0.00338032
compos'd,1,0.00338032
compost,1,0.00338032
compound,1,0.00338032
compounded,1,0.00338032
compulsatiue,1,0.00338032
coach,1,0.00338032
clemencie,1,0.00338032
cliffe,1,0.00338032
cloake,1,0.00338032
cloath,1,0.00338032
cloathes,1,0.00338032
closely,1,0.00338032
clossets,1,0.00338032
clothes,1,0.00338032
clout,1,0.00338032
clouts,1,0.00338032
clowd,1,0.00338032
clowds,1,0.00338032
clutch,1,0.00338032
co-mingled,1,0.00338032
compulsiue,1,0.00338032
coagulate,1,0.00338032
coap'd,1,0.00338032
coarses,1,0.00338032
coated,1,0.00338032
cockle,1,0.00338032
coffin,1,0.00338032
coile,1,0.00338032
colaterall,1,0.00338032
colleagued,1,0.00338032
color,1,0.00338032
colours,1,0.00338032
columbines,1,0.00338032
combate,1,0.00338032
conueniently,1,0.00338032
consummation,1,0.00338032
contagious,1,0.00338032
containing,1,0.00338032
contend,1,0.00338032
contents,1,0.00338032
continuall,1,0.00338032
contract,1,0.00338032
contracted,1,0.00338032
contraction,1,0.00338032
contrary,1,0.00338032
contriuing,1,0.00338032
controuersie,1,0.00338032
contumely,1,0.00338032
conuenience,1,0.00338032
constantly,1,0.00338032
conuersation,1,0.00338032
conuerse,1,0.00338032
conuerted,1,0.00338032
conuey,1,0.00338032
conueyance,1,0.00338032
conueyances,1,0.00338032
conuocation,1,0.00338032
conuoy,1,0.00338032
coole,1,0.00338032
coozenage,1,0.00338032
coppied,1,0.00338032
core,1,0.00338032
corner,1,0.00338032
confines,1,0.00338032
comrade,1,0.00338032
comutuall,1,0.00338032
conceald,1,0.00338032
conceited,1,0.00338032
conceiue,1,0.00338032
conception,1,0.00338032
concernings,1,0.00338032
concluded,1,0.00338032
conclusions,1,0.00338032
condolement,1,0.00338032
confederate,1,0.00338032
conference,1,0.00338032
confin'd,1,0.00338032
deluer,1,0.00338032
confront,1,0.00338032
confusion,1,0.00338032
congregation,1,0.00338032
coniectures,1,0.00338032
conioyn'd,1,0.00338032
coniunctiue,1,0.00338032
coniuration,1,0.00338032
coniuring,1,0.00338032
conqueror,1,0.00338032
conquest,1,0.00338032
consider'd,1,0.00338032
considered,1,0.00338032
consonancy,1,0.00338032
encrease,1,0.00338032
elder,1,0.00338032
eldest,1,0.00338032
element,1,0.00338032
eleuen,1,0.00338032
elsenour,1,0.00338032
embracing,1,0.00338032
emperor,1,0.00338032
emphasis,1,0.00338032
empire,1,0.00338032
emulate,1,0.00338032
encombred,1,0.00338032
encompassement,1,0.00338032
encorps't,1,0.00338032
encountred,1,0.00338032
eight,1,0.00338032
ended,1,0.00338032
ending,1,0.00338032
endure,1,0.00338032
enemie,1,0.00338032
englands,1,0.00338032
english,1,0.00338032
enmity,1,0.00338032
ennactors,1,0.00338032
enquire,1,0.00338032
enseamed,1,0.00338032
enterprizes,1,0.00338032
enters,1,0.00338032
entrance,1,0.00338032
dying,1,0.00338032
drugges,1,0.00338032
drum,1,0.00338032
drunke,1,0.00338032
ducate,1,0.00338032
ducates,1,0.00338032
due,1,0.00338032
dugge,1,0.00338032
dukes,1,0.00338032
duller,1,0.00338032
duls,1,0.00338032
dungeons,1,0.00338032
dupt,1,0.00338032
duties,1,0.00338032
dwelling,1,0.00338032
entreatie,1,0.00338032
eager,1,0.00338032
earnest,1,0.00338032
earthly,1,0.00338032
easie,1,0.00338032
easier,1,0.00338032
easily,1,0.00338032
easterne,1,0.00338032
eaten,1,0.00338032
eates,1,0.00338032
eats,1,0.00338032
eene,1,0.00338032
eielids,1,0.00338032
eies,1,0.00338032
exprest,1,0.00338032
exactly,1,0.00338032
exceed,1,0.00338032
exceedingly,1,0.00338032
except,1,0.00338032
exception,1,0.00338032
exclaim,1,0.00338032
excrements,1,0.00338032
excuse,1,0.00338032
exits,1,0.00338032
expectansie,1,0.00338032
expence,1,0.00338032
expend,1,0.00338032
exployt,1,0.00338032
expostulate,1,0.00338032
exact,1,0.00338032
extant,1,0.00338032
extent,1,0.00338032
exterior,1,0.00338032
extinct,1,0.00338032
extorted,1,0.00338032
extrauagant,1,0.00338032
extreamity,1,0.00338032
extremity,1,0.00338032
fac'd,1,0.00338032
faction,1,0.00338032
faded,1,0.00338032
faiery,1,0.00338032
faile,1,0.00338032
especiall,1,0.00338032
entreatments,1,0.00338032
enuious,1,0.00338032
enuiously,1,0.00338032
enurn'd,1,0.00338032
enuy,1,0.00338032
envenom,1,0.00338032
equiuocation,1,0.00338032
erring,1,0.00338032
errors,1,0.00338032
erruption,1,0.00338032
escorted,1,0.00338032
esile,1,0.00338032
especial,1,0.00338032
drownes,1,0.00338032
especially,1,0.00338032
espials,1,0.00338032
essentially,1,0.00338032
esteem'd,1,0.00338032
estimation,1,0.00338032
eterne,1,0.00338032
eternity,1,0.00338032
euents,1,0.00338032
euer-preserued,1,0.00338032
euerie,1,0.00338032
euerlasting,1,0.00338032
euermore,1,0.00338032
euidence,1,0.00338032
dipt,1,0.00338032
dicers,1,0.00338032
diddest,1,0.00338032
dido,1,0.00338032
didst,1,0.00338032
died,1,0.00338032
dies,1,0.00338032
difference,1,0.00338032
different,1,0.00338032
dig'd,1,0.00338032
digested,1,0.00338032
dil'd,1,0.00338032
dilated,1,0.00338032
diligence,1,0.00338032
dipping,1,0.00338032
dexterity,1,0.00338032
dire,1,0.00338032
directions,1,0.00338032
directly,1,0.00338032
dirge,1,0.00338032
dirty,1,0.00338032
disappointed,1,0.00338032
disclaiming,1,0.00338032
disclose,1,0.00338032
discomfort,1,0.00338032
discord,1,0.00338032
discouery,1,0.00338032
diseas'd,1,0.00338032
disease,1,0.00338032
deserued,1,0.00338032
demanded,1,0.00338032
demy-natur'd,1,0.00338032
denies,1,0.00338032
denmark,1,0.00338032
denmark's,1,0.00338032
denmarkes,1,0.00338032
denmarks,1,0.00338032
denote,1,0.00338032
deny'de,1,0.00338032
depart,1,0.00338032
departed,1,0.00338032
depriu'd,1,0.00338032
depriue,1,0.00338032
deserue,1,0.00338032
diseases,1,0.00338032
designe,1,0.00338032
desirous,1,0.00338032
deske,1,0.00338032
despight,1,0.00338032
detecting,1,0.00338032
determination,1,0.00338032
determine,1,0.00338032
deuice,1,0.00338032
deuices,1,0.00338032
deuill,1,0.00338032
deuis'd,1,0.00338032
deuotions,1,0.00338032
deuoutly,1,0.00338032
dreadfully,1,0.00338032
don'd,1,0.00338032
doom'd,1,0.00338032
doome,1,0.00338032
dore,1,0.00338032
dosen,1,0.00338032
dotes,1,0.00338032
doublet,1,0.00338032
doubts,1,0.00338032
dowrie,1,0.00338032
drab,1,0.00338032
drabbing,1,0.00338032
drag'd,1,0.00338032
draughts,1,0.00338032
dreaded,1,0.00338032
dominions,1,0.00338032
dream't,1,0.00338032
dreines,1,0.00338032
drie,1,0.00338032
drink,1,0.00338032
drinking,1,0.00338032
driuen,1,0.00338032
driues,1,0.00338032
drooping,1,0.00338032
drop,1,0.00338032
dropping,1,0.00338032
droppings,1,0.00338032
drossie,1,0.00338032
drowned,1,0.00338032
distract,1,0.00338032
dish,1,0.00338032
dishes,1,0.00338032
disioynt,1,0.00338032
dislike,1,0.00338032
dismantled,1,0.00338032
dismay,1,0.00338032
dispatcht,1,0.00338032
disperate,1,0.00338032
dispriz'd,1,0.00338032
distant,1,0.00338032
distemper'd,1,0.00338032
distilment,1,0.00338032
distinguish,1,0.00338032
cleft,1,0.00338032
distresse,1,0.00338032
ditchers,1,0.00338032
diuide,1,0.00338032
diuided,1,0.00338032
divulging,1,0.00338032
do'st,1,0.00338032
doctor,1,0.00338032
document,1,0.00338032
doe's,1,0.00338032
doest,1,0.00338032
dogges,1,0.00338032
doing,1,0.00338032
dole,1,0.00338032
audit,1,0.00338032
assaies,1,0.00338032
assaile,1,0.00338032
assault,1,0.00338032
asse-,1,0.00338032
assis,1,0.00338032
associates,1,0.00338032
assumes,1,0.00338032
assure,1,0.00338032
astonish,1,0.00338032
asunder,1,0.00338032
attended,1,0.00338032
attends,1,0.00338032
attent,1,0.00338032
attractiue,1,0.00338032
assaid,1,0.00338032
augury,1,0.00338032
aunt,1,0.00338032
auoid,1,0.00338032
auouch,1,0.00338032
auspicious,1,0.00338032
authorities,1,0.00338032
ayde,1,0.00338032
aygre,1,0.00338032
ayme,1,0.00338032
ayres,1,0.00338032
ayrie,1,0.00338032
ayry,1,0.00338032
babe,1,0.00338032
arrest,1,0.00338032
apale,1,0.00338032
apparell,1,0.00338032
appetite,1,0.00338032
applaud,1,0.00338032
appliance,1,0.00338032
appointment,1,0.00338032
approue,1,0.00338032
appurtenance,1,0.00338032
ar't,1,0.00338032
ardure,1,0.00338032
argues,1,0.00338032
armie,1,0.00338032
armours,1,0.00338032
arraigne,1,0.00338032
bace,1,0.00338032
arrests,1,0.00338032
arriued,1,0.00338032
arrow,1,0.00338032
article,1,0.00338032
articles,1,0.00338032
artire,1,0.00338032
artlesse,1,0.00338032
asham'd,1,0.00338032
aside,1,0.00338032
ask't,1,0.00338032
aslant,1,0.00338032
asleepe,1,0.00338032
aspect,1,0.00338032
became,1,0.00338032
be-ratled,1,0.00338032
beame,1,0.00338032
bear't,1,0.00338032
beards,1,0.00338032
bearers,1,0.00338032
bearing,1,0.00338032
beaten,1,0.00338032
beats,1,0.00338032
beauer,1,0.00338032
beauteous,1,0.00338032
beautied,1,0.00338032
beauties,1,0.00338032
beautifed,1,0.00338032
beautified,1,0.00338032
bawdy,1,0.00338032
because,1,0.00338032
becke,1,0.00338032
beckens,1,0.00338032
beckons,1,0.00338032
bedded,1,0.00338032
bedrid,1,0.00338032
beer,1,0.00338032
beere-barrell,1,0.00338032
beetles,1,0.00338032
befalne,1,0.00338032
befitted,1,0.00338032
beg,1,0.00338032
beget,1,0.00338032
barke,1,0.00338032
back,1,0.00338032
back'd,1,0.00338032
backward,1,0.00338032
bait,1,0.00338032
bakers,1,0.00338032
bakt-meats,1,0.00338032
ban,1,0.00338032
bands,1,0.00338032
banke,1,0.00338032
bapt,1,0.00338032
baptista,1,0.00338032
barbars,1,0.00338032
bare-foot,1,0.00338032
antiquity,1,0.00338032
barr'd,1,0.00338032
barre,1,0.00338032
barren,1,0.00338032
basenesse,1,0.00338032
bastard,1,0.00338032
bat,1,0.00338032
bated,1,0.00338032
battalians,1,0.00338032
batten,1,0.00338032
battery,1,0.00338032
battlements,1,0.00338032
baudry,1,0.00338032
bawd,1,0.00338032
addresse,1,0.00338032
accurst,1,0.00338032
accuse,1,0.00338032
acquaint,1,0.00338032
acquire,1,0.00338032
acquittance,1,0.00338032
acted,1,0.00338032
acting,1,0.00338032
actions,1,0.00338032
actiuely,1,0.00338032
adaies,1,0.00338032
adam,1,0.00338032
adams,1,0.00338032
addicted,1,0.00338032
addition,1,0.00338032
accounted,1,0.00338032
adheres,1,0.00338032
adieu,1,0.00338032
adiew,1,0.00338032
adioyn'd,1,0.00338032
admirable,1,0.00338032
admittance,1,0.00338032
adoption,1,0.00338032
adores,1,0.00338032
aduanc'd,1,0.00338032
aduantage,1,0.00338032
aduenturous,1,0.00338032
aduise,1,0.00338032
adulterate,1,0.00338032
abridgements,1,0.00338032
'tane,1,0.00338032
'tweene,1,0.00338032
'twer,1,0.00338032
'twixt,1,0.00338032
a-crosse,1,0.00338032
a-downe,1,0.00338032
a-downe-a,1,0.00338032
a-dreames,1,0.00338032
a-foot,1,0.00338032
a-sleepe,1,0.00338032
a-worke,1,0.00338032
abhominably,1,0.00338032
abhorred,1,0.00338032
abilitie,1,0.00338032
aeneas,1,0.00338032
abroad,1,0.00338032
absent,1,0.00338032
absolute,1,0.00338032
abstinence,1,0.00338032
abstracts,1,0.00338032
abus'd,1,0.00338032
abuse,1,0.00338032
abuses,1,0.00338032
accepts,1,0.00338032
accesse,1,0.00338032
accidentall,1,0.00338032
accord,1,0.00338032
account,1,0.00338032
angel,1,0.00338032
ambass,1,0.00338032
ambassador,1,0.00338032
ambassadours,1,0.00338032
amber,1,0.00338032
ambiguous,1,0.00338032
amble,1,0.00338032
amen,1,0.00338032
amis,1,0.00338032
amisse,1,0.00338032
amities,1,0.00338032
among,1,0.00338032
ancient,1,0.00338032
anckle,1,0.00338032
and't,1,0.00338032
amb,1,0.00338032
anger,1,0.00338032
angle,1,0.00338032
angry,1,0.00338032
animals,1,0.00338032
annexment,1,0.00338032
annoint,1,0.00338032
annuall,1,0.00338032
anothers,1,0.00338032
answered,1,0.00338032
answerest,1,0.00338032
answers,1,0.00338032
anticipation,1,0.00338032
antike,1,0.00338032
agreeing,1,0.00338032
afarre,1,0.00338032
affaires,1,0.00338032
affayre,1,0.00338032
affear'd,1,0.00338032
affectation,1,0.00338032
affections,1,0.00338032
afflict,1,0.00338032
affraide,1,0.00338032
affrighted,1,0.00338032
affront,1,0.00338032
afternoone,1,0.00338032
afterwards,1,0.00338032
ago,1,0.00338032
beggard,1,0.00338032
ake,1,0.00338032
akers,1,0.00338032
al,1,0.00338032
alarme,1,0.00338032
alarum,1,0.00338032
alijs,1,0.00338032
allegeance,1,0.00338032
allies,1,0.00338032
allow,1,0.00338032
altitude,1,0.00338032
altogether,1,0.00338032
amaz'd,1,0.00338032
amaze,1,0.00338032
carnall,1,0.00338032
candied,1,0.00338032
cannoneer,1,0.00338032
cannons,1,0.00338032
canoniz'd,1,0.00338032
canopy,1,0.00338032
cape,1,0.00338032
capitol,1,0.00338032
capons,1,0.00338032
caps,1,0.00338032
captaine,1,0.00338032
captaines,1,0.00338032
carbuncles,1,0.00338032
carde,1,0.00338032
carefully,1,0.00338032
can'st,1,0.00338032
carowses,1,0.00338032
carriage,1,0.00338032
carried,1,0.00338032
carries,1,0.00338032
carrion-,1,0.00338032
carrying,1,0.00338032
cart,1,0.00338032
carters,1,0.00338032
carue,1,0.00338032
case,1,0.00338032
cases,1,0.00338032
casuall,1,0.00338032
cat,1,0.00338032
buzzers,1,0.00338032
bugges,1,0.00338032
builde,1,0.00338032
built,1,0.00338032
bulwarke,1,0.00338032
bunghole,1,0.00338032
burnt,1,0.00338032
burthen,1,0.00338032
busie,1,0.00338032
busines,1,0.00338032
button,1,0.00338032
buttons,1,0.00338032
buy'ye,1,0.00338032
buyer,1,0.00338032
buyes,1,0.00338032
cataplasme,1,0.00338032
cabin,1,0.00338032
caines,1,0.00338032
calamity,1,0.00338032
calfe,1,0.00338032
calles,1,0.00338032
calme,1,0.00338032
calmely,1,0.00338032
calmes,1,0.00338032
calue-skinnes,1,0.00338032
calues,1,0.00338032
calumnious,1,0.00338032
calumny,1,0.00338032
camelions,1,0.00338032
circumscrib'd,1,0.00338032
cherube,1,0.00338032
chide,1,0.00338032
choice,1,0.00338032
chopfalne,1,0.00338032
choppine,1,0.00338032
chorus,1,0.00338032
chowgh,1,0.00338032
choyse,1,0.00338032
christians,1,0.00338032
chronicles,1,0.00338032
churches,1,0.00338032
churchyards,1,0.00338032
churlish,1,0.00338032
cicatrice,1,0.00338032
cheff,1,0.00338032
circumstances,1,0.00338032
circumuent,1,0.00338032
clad,1,0.00338032
claime,1,0.00338032
claimes,1,0.00338032
clambring,1,0.00338032
clamour,1,0.00338032
clap't,1,0.00338032
claudio,1,0.00338032
claudius,1,0.00338032
cleare,1,0.00338032
cleaue,1,0.00338032
cleerely,1,0.00338032
challice,1,0.00338032
cauiarie,1,0.00338032
causes,1,0.00338032
cautell,1,0.00338032
caution,1,0.00338032
celebrated,1,0.00338032
cell,1,0.00338032
center,1,0.00338032
centinels,1,0.00338032
ceremony,1,0.00338032
cerments,1,0.00338032
certaintie,1,0.00338032
chace,1,0.00338032
challenger,1,0.00338032
buffets,1,0.00338032
chances,1,0.00338032
changed,1,0.00338032
changeling,1,0.00338032
chanson,1,0.00338032
chaplesse,1,0.00338032
chariest,1,0.00338032
charity,1,0.00338032
charme,1,0.00338032
chaste,1,0.00338032
chaunted,1,0.00338032
checking,1,0.00338032
cheefely,1,0.00338032
cheefest,1,0.00338032
blasting,1,0.00338032
better'd,1,0.00338032
betters,1,0.00338032
bewept,1,0.00338032
bias,1,0.00338032
bilboes,1,0.00338032
birch,1,0.00338032
birds,1,0.00338032
bisson,1,0.00338032
bites,1,0.00338032
blackest,1,0.00338032
blanke,1,0.00338032
blankes,1,0.00338032
blanket,1,0.00338032
blason,1,0.00338032
betoken,1,0.00338032
blastments,1,0.00338032
blasts,1,0.00338032
blaze,1,0.00338032
blazes,1,0.00338032
bleed,1,0.00338032
bleede,1,0.00338032
bleeding,1,0.00338032
blench,1,0.00338032
blew,1,0.00338032
blister,1,0.00338032
bloodie,1,0.00338032
bloodily,1,0.00338032
blossomes,1,0.00338032
bels,1,0.00338032
behaued,1,0.00338032
behauior,1,0.00338032
behauiour,1,0.00338032
behind,1,0.00338032
behold,1,0.00338032
behoue,1,0.00338032
behoues,1,0.00338032
beleefe,1,0.00338032
beleeued,1,0.00338032
belieue,1,0.00338032
bellow,1,0.00338032
bellowed,1,0.00338032
belou'd,1,0.00338032
bloude,1,0.00338032
bended,1,0.00338032
benefit,1,0.00338032
benetted,1,0.00338032
beseech'd,1,0.00338032
beshrew,1,0.00338032
besides,1,0.00338032
besmerch,1,0.00338032
bespeake,1,0.00338032
bestil'd,1,0.00338032
beteene,1,0.00338032
bethought,1,0.00338032
betime,1,0.00338032
betimes,1,0.00338032
breaths,1,0.00338032
boxe,1,0.00338032
boyes,1,0.00338032
boystrous,1,0.00338032
brainish,1,0.00338032
branches,1,0.00338032
brands,1,0.00338032
brauery,1,0.00338032
bray,1,0.00338032
braz'd,1,0.00338032
brazon,1,0.00338032
breach,1,0.00338032
bread,1,0.00338032
breadth,1,0.00338032
breakes,1,0.00338032
bowts,1,0.00338032
breeder,1,0.00338032
brest,1,0.00338032
breuitie,1,0.00338032
bride-bed,1,0.00338032
bringing,1,0.00338032
broakers,1,0.00338032
broken,1,0.00338032
brooch,1,0.00338032
brood,1,0.00338032
brothell,1,0.00338032
browes,1,0.00338032
brutus,1,0.00338032
bubbles,1,0.00338032
boorded,1,0.00338032
bloudie,1,0.00338032
bloudy,1,0.00338032
blunt,1,0.00338032
blunted,1,0.00338032
blurres,1,0.00338032
boades,1,0.00338032
bodilesse,1,0.00338032
bodkin,1,0.00338032
bodykins,1,0.00338032
bonet,1,0.00338032
bonny,1,0.00338032
bookes,1,0.00338032
boord,1,0.00338032
fain,1,0.00338032
borrowed,1,0.00338032
borrower,1,0.00338032
borrowing,1,0.00338032
botch,1,0.00338032
boudge,1,0.00338032
boughes,1,0.00338032
bought,1,0.00338032
boule,1,0.00338032
bounded,1,0.00338032
bounds,1,0.00338032
bounteous,1,0.00338032
bountie,1,0.00338032
bout,1,0.00338032
lowdly,1,0.00338032
loines,1,0.00338032
lone,1,0.00338032
lonelinesse,1,0.00338032
longed,1,0.00338032
loosed,1,0.00338032
looser,1,0.00338032
loosing,1,0.00338032
loses,1,0.00338032
losse,1,0.00338032
lot,1,0.00338032
loud,1,0.00338032
louer,1,0.00338032
louingly,1,0.00338032
low,1,0.00338032
loggets,1,0.00338032
lowest,1,0.00338032
lucian,1,0.00338032
lugge,1,0.00338032
lunacie,1,0.00338032
lunacies,1,0.00338032
lunacy,1,0.00338032
luxury,1,0.00338032
ly,1,0.00338032
lyest,1,0.00338032
lying,1,0.00338032
machine,1,0.00338032
magicke,1,0.00338032
maimed,1,0.00338032
lipps,1,0.00338032
lier,1,0.00338032
life's,1,0.00338032
life-rend'ring,1,0.00338032
lifted,1,0.00338032
lighted,1,0.00338032
lightest,1,0.00338032
lightnesse,1,0.00338032
likeliehood,1,0.00338032
likenesse,1,0.00338032
limed,1,0.00338032
line,1,0.00338032
link'd,1,0.00338032
lions,1,0.00338032
lippes,1,0.00338032
mainly,1,0.00338032
liquid,1,0.00338032
lispe,1,0.00338032
lists,1,0.00338032
liu'st,1,0.00338032
load,1,0.00338032
loath,1,0.00338032
loathsome,1,0.00338032
lock'd,1,0.00338032
lockes,1,0.00338032
lockt,1,0.00338032
lodg'd,1,0.00338032
lodge,1,0.00338032
lofty,1,0.00338032
mildew'd,1,0.00338032
mend,1,0.00338032
mercurie,1,0.00338032
mermaid-like,1,0.00338032
merriment,1,0.00338032
message,1,0.00338032
messe,1,0.00338032
messengers,1,0.00338032
met,1,0.00338032
mettels,1,0.00338032
mew,1,0.00338032
miching,1,0.00338032
midnight,1,0.00338032
mightier,1,0.00338032
milche,1,0.00338032
melodious,1,0.00338032
milke,1,0.00338032
milkie,1,0.00338032
million,1,0.00338032
millions,1,0.00338032
mincing,1,0.00338032
mindes,1,0.00338032
minerall,1,0.00338032
mining,1,0.00338032
minister,1,0.00338032
ministers,1,0.00338032
ministring,1,0.00338032
minute,1,0.00338032
minutes,1,0.00338032
mart,1,0.00338032
maintains,1,0.00338032
maist,1,0.00338032
maker,1,0.00338032
malefactions,1,0.00338032
malicho,1,0.00338032
manner,1,0.00338032
manners,1,0.00338032
mantle,1,0.00338032
marble,1,0.00338032
marcell,1,0.00338032
marching,1,0.00338032
marriages,1,0.00338032
marrie,1,0.00338032
lie,1,0.00338032
martiall,1,0.00338032
maruell,1,0.00338032
maruellous,1,0.00338032
maruels,1,0.00338032
massie,1,0.00338032
masterly,1,0.00338032
matine,1,0.00338032
matrons,1,0.00338032
mazard,1,0.00338032
meaning,1,0.00338032
medicine,1,0.00338032
meditation,1,0.00338032
mellow,1,0.00338032
kindles,1,0.00338032
iudges,1,0.00338032
iudicious,1,0.00338032
iuggel'd,1,0.00338032
iulius,1,0.00338032
iumpe,1,0.00338032
iustice,1,0.00338032
iuyce,1,0.00338032
k,1,0.00338032
keep,1,0.00338032
key,1,0.00338032
kibe,1,0.00338032
kicke,1,0.00338032
kil'd,1,0.00338032
kild,1,0.00338032
italian,1,0.00338032
king's,1,0.00338032
kingly,1,0.00338032
kinne,1,0.00338032
kissing,1,0.00338032
kist,1,0.00338032
kites,1,0.00338032
knauery,1,0.00338032
knaues,1,0.00338032
knee,1,0.00338032
kneeles,1,0.00338032
knew'st,1,0.00338032
knife,1,0.00338032
knight,1,0.00338032
inuite,1,0.00338032
instances,1,0.00338032
instantly,1,0.00338032
instrumentall,1,0.00338032
intend,1,0.00338032
interim's,1,0.00338032
interpret,1,0.00338032
interre,1,0.00338032
intill,1,0.00338032
intreate,1,0.00338032
intreated,1,0.00338032
intreaty,1,0.00338032
intruding,1,0.00338032
inuentors,1,0.00338032
inuestments,1,0.00338032
knocke,1,0.00338032
inuites,1,0.00338032
invulnerable,1,0.00338032
iocond,1,0.00338032
iohn,1,0.00338032
iouerney-men,1,0.00338032
iournies,1,0.00338032
iowles,1,0.00338032
ioyfully,1,0.00338032
ioynt,1,0.00338032
ioynt-labourer,1,0.00338032
ioyntly,1,0.00338032
ioyntresse,1,0.00338032
israel,1,0.00338032
leisure,1,0.00338032
layes,1,0.00338032
lazar-like,1,0.00338032
leade,1,0.00338032
leads,1,0.00338032
leane,1,0.00338032
leanes,1,0.00338032
leaperous,1,0.00338032
leaping,1,0.00338032
leaps,1,0.00338032
learning,1,0.00338032
leasure,1,0.00338032
lecture,1,0.00338032
legs,1,0.00338032
leige-men,1,0.00338032
lawyer,1,0.00338032
lender,1,0.00338032
lenton,1,0.00338032
lesser,1,0.00338032
lesson,1,0.00338032
letcherous,1,0.00338032
lethe,1,0.00338032
leuell,1,0.00338032
leuied,1,0.00338032
lewdnesse,1,0.00338032
libertie,1,0.00338032
libertine,1,0.00338032
license,1,0.00338032
lids,1,0.00338032
ladiship,1,0.00338032
knocking,1,0.00338032
knockt,1,0.00338032
knotty,1,0.00338032
knowe,1,0.00338032
knowest,1,0.00338032
knowing,1,0.00338032
knowledge,1,0.00338032
known,1,0.00338032
l,1,0.00338032
laboured,1,0.00338032
lack'd,1,0.00338032
lacks,1,0.00338032
ladie,1,0.00338032
mirrour,1,0.00338032
lads,1,0.00338032
laine,1,0.00338032
lamound,1,0.00338032
landlesse,1,0.00338032
lanke,1,0.00338032
laps't,1,0.00338032
lapwing,1,0.00338032
larger,1,0.00338032
lash,1,0.00338032
lasts,1,0.00338032
lawes,1,0.00338032
lawful,1,0.00338032
lawlesse,1,0.00338032
ord,1,0.00338032
op'd,1,0.00338032
ope,1,0.00338032
open'd,1,0.00338032
operant,1,0.00338032
opinion,1,0.00338032
opposed,1,0.00338032
opposing,1,0.00338032
opposite,1,0.00338032
opposites,1,0.00338032
oppression,1,0.00338032
oppressors,1,0.00338032
opprest,1,0.00338032
orbe,1,0.00338032
orbed,1,0.00338032
ont,1,0.00338032
ordenance,1,0.00338032
orderly,1,0.00338032
ordinance,1,0.00338032
ordinate,1,0.00338032
ore,1,0.00338032
ore-beares,1,0.00338032
ore-crowes,1,0.00338032
ore-hanging,1,0.00338032
ore-stop,1,0.00338032
ore-teamed,1,0.00338032
ore-wrought,1,0.00338032
orewhelm,1,0.00338032
organ,1,0.00338032
occulted,1,0.00338032
o'this,1,0.00338032
oare,1,0.00338032
oathes,1,0.00338032
obeyes,1,0.00338032
obiect,1,0.00338032
obiects,1,0.00338032
obscure,1,0.00338032
obsequies,1,0.00338032
obsequious,1,0.00338032
obseru'd,1,0.00338032
obseruant,1,0.00338032
obseruation,1,0.00338032
obseruers,1,0.00338032
obstinate,1,0.00338032
organe,1,0.00338032
occurrents,1,0.00338032
ocean,1,0.00338032
offall,1,0.00338032
offend,1,0.00338032
offendendo,1,0.00338032
offenders,1,0.00338032
offends,1,0.00338032
offer'd,1,0.00338032
office,1,0.00338032
offices,1,0.00338032
olympus,1,0.00338032
ominous,1,0.00338032
only,1,0.00338032
party,1,0.00338032
palpable,1,0.00338032
panders,1,0.00338032
pangs,1,0.00338032
paradox,1,0.00338032
parching,1,0.00338032
parchment,1,0.00338032
pardon't,1,0.00338032
paris,1,0.00338032
parle,1,0.00338032
parley,1,0.00338032
parragon,1,0.00338032
partiall,1,0.00338032
partizan,1,0.00338032
parts,1,0.00338032
paiocke,1,0.00338032
passages,1,0.00338032
passes,1,0.00338032
passeth,1,0.00338032
passions,1,0.00338032
pastorall,1,0.00338032
pastoricall-comicall-historicall-pastorall,1,0.00338032
pastors,1,0.00338032
pat,1,0.00338032
patch,1,0.00338032
patches,1,0.00338032
path,1,0.00338032
patientlie,1,0.00338032
patricke,1,0.00338032
outherod's,1,0.00338032
origin,1,0.00338032
orizons,1,0.00338032
ossa,1,0.00338032
ostentation,1,0.00338032
ouer-happy,1,0.00338032
ouer-peering,1,0.00338032
ouercome,1,0.00338032
ouerlook'd,1,0.00338032
ouerthrowne,1,0.00338032
out-breake,1,0.00338032
out-liue,1,0.00338032
out-stretcht,1,0.00338032
outface,1,0.00338032
o'that,1,0.00338032
outliues,1,0.00338032
outragious,1,0.00338032
owle,1,0.00338032
owner,1,0.00338032
packet,1,0.00338032
packing,1,0.00338032
paconcies,1,0.00338032
paddocke,1,0.00338032
padling,1,0.00338032
pagan,1,0.00338032
paine,1,0.00338032
paint,1,0.00338032
painting,1,0.00338032
multitude,1,0.00338032
moues,1,0.00338032
mouing,1,0.00338032
mould,1,0.00338032
moult,1,0.00338032
mountebanke,1,0.00338032
mourn'd,1,0.00338032
mourning,1,0.00338032
mouse-trap,1,0.00338032
mouth'd,1,0.00338032
mowes,1,0.00338032
muddied,1,0.00338032
muddy,1,0.00338032
muddy-metled,1,0.00338032
mugger,1,0.00338032
moued,1,0.00338032
murdering,1,0.00338032
murdrous,1,0.00338032
murthered,1,0.00338032
murtherer,1,0.00338032
murthers,1,0.00338032
musick,1,0.00338032
musty,1,0.00338032
mute,1,0.00338032
mutine,1,0.00338032
mutines,1,0.00338032
myraculous,1,0.00338032
mysterie,1,0.00338032
name's,1,0.00338032
money,1,0.00338032
mischeefe,1,0.00338032
mistake,1,0.00338032
mistooke,1,0.00338032
mixture,1,0.00338032
mocke,1,0.00338032
mockery,1,0.00338032
modell,1,0.00338032
moderate,1,0.00338032
modesties,1,0.00338032
moity,1,0.00338032
mole,1,0.00338032
monarchs,1,0.00338032
monday,1,0.00338032
mone,1,0.00338032
napkin,1,0.00338032
monsters,1,0.00338032
monstrous,1,0.00338032
monthes,1,0.00338032
months,1,0.00338032
monument,1,0.00338032
mony,1,0.00338032
moode,1,0.00338032
moods,1,0.00338032
moones,1,0.00338032
moore,1,0.00338032
moreouer,1,0.00338032
mornings,1,0.00338032
mortiz'd,1,0.00338032
numbers,1,0.00338032
nobility,1,0.00338032
nobler,1,0.00338032
noblest,1,0.00338032
nods,1,0.00338032
non,1,0.00338032
nonce,1,0.00338032
normandy,1,0.00338032
north,1,0.00338032
north-west,1,0.00338032
northerly,1,0.00338032
noted,1,0.00338032
notes,1,0.00338032
nothings,1,0.00338032
noyance,1,0.00338032
nipping,1,0.00338032
nunnerie,1,0.00338032
nutshell,1,0.00338032
o're-doing,1,0.00338032
o're-hasty,1,0.00338032
o're-heare,1,0.00338032
o're-sized,1,0.00338032
o're-swaies,1,0.00338032
o're-throwne,1,0.00338032
o'recame,1,0.00338032
o'remaster't,1,0.00338032
o'rerule,1,0.00338032
o'retooke,1,0.00338032
o'reway,1,0.00338032
nemian,1,0.00338032
narrow,1,0.00338032
nasty,1,0.00338032
naue,1,0.00338032
ne're,1,0.00338032
necessaries,1,0.00338032
necessitie,1,0.00338032
neck,1,0.00338032
need,1,0.00338032
needes,1,0.00338032
neglect,1,0.00338032
negligence,1,0.00338032
neighbor,1,0.00338032
neighbour'd,1,0.00338032
instance,1,0.00338032
nephew,1,0.00338032
neptunes,1,0.00338032
nere,1,0.00338032
nero,1,0.00338032
nerue,1,0.00338032
nettles,1,0.00338032
new-borne,1,0.00338032
newtrall,1,0.00338032
nickname,1,0.00338032
niggard,1,0.00338032
nill,1,0.00338032
nimph,1,0.00338032
niobe,1,0.00338032
gen,1,0.00338032
gambals,1,0.00338032
gamboll,1,0.00338032
gape,1,0.00338032
garbage,1,0.00338032
garbe,1,0.00338032
gardiners,1,0.00338032
garland,1,0.00338032
garlands,1,0.00338032
garments,1,0.00338032
gates,1,0.00338032
gau't,1,0.00338032
gauled,1,0.00338032
gauntlets,1,0.00338032
gawdie,1,0.00338032
gallant,1,0.00338032
gender,1,0.00338032
gentlewoman,1,0.00338032
gently,1,0.00338032
gentrie,1,0.00338032
germaine,1,0.00338032
gestures,1,0.00338032
gets,1,0.00338032
geulles,1,0.00338032
ghosts,1,0.00338032
gibbe,1,0.00338032
gidge,1,0.00338032
gilded,1,0.00338032
gins,1,0.00338032
froward,1,0.00338032
frailty,1,0.00338032
free-footed,1,0.00338032
freeze,1,0.00338032
frenchman,1,0.00338032
frend,1,0.00338032
frends,1,0.00338032
fresh,1,0.00338032
fret,1,0.00338032
fretfull,1,0.00338032
fretted,1,0.00338032
friending,1,0.00338032
frighted,1,0.00338032
front,1,0.00338032
frost,1,0.00338032
girdle,1,0.00338032
frown'd,1,0.00338032
frowningly,1,0.00338032
fruite,1,0.00338032
fruites,1,0.00338032
fruitfull,1,0.00338032
fulfill'd,1,0.00338032
function,1,0.00338032
functions,1,0.00338032
furnish,1,0.00338032
gaged,1,0.00338032
gain-giuing,1,0.00338032
gaine,1,0.00338032
gall'd,1,0.00338032
greetings,1,0.00338032
grasse,1,0.00338032
grasse-greene,1,0.00338032
grating,1,0.00338032
gratis,1,0.00338032
graue's,1,0.00338032
graue-makers,1,0.00338032
graue-making,1,0.00338032
gray,1,0.00338032
greatnesse,1,0.00338032
greekes,1,0.00338032
greenly,1,0.00338032
greet,1,0.00338032
greeted,1,0.00338032
greeting,1,0.00338032
grant,1,0.00338032
greeued,1,0.00338032
greeues,1,0.00338032
grew,1,0.00338032
griefes,1,0.00338032
grinding,1,0.00338032
grisly,1,0.00338032
groaning,1,0.00338032
grone,1,0.00338032
grones,1,0.00338032
grop'd,1,0.00338032
grossely,1,0.00338032
grosser,1,0.00338032
groundlings,1,0.00338032
goblins,1,0.00338032
girle,1,0.00338032
gis,1,0.00338032
giued,1,0.00338032
giuers,1,0.00338032
glares,1,0.00338032
glassie,1,0.00338032
glean'd,1,0.00338032
gleane,1,0.00338032
glimpses,1,0.00338032
globe,1,0.00338032
glow,1,0.00338032
glow-worme,1,0.00338032
goblin,1,0.00338032
fra,1,0.00338032
god-a-mercy,1,0.00338032
gold,1,0.00338032
gon,1,0.00338032
gonzago's,1,0.00338032
goodman,1,0.00338032
goose-quils,1,0.00338032
gore,1,0.00338032
gorge,1,0.00338032
gouerne,1,0.00338032
grained,1,0.00338032
gramercy,1,0.00338032
grand,1,0.00338032
grandsire,1,0.00338032
fiers,1,0.00338032
feele,1,0.00338032
feeles,1,0.00338032
feeling,1,0.00338032
feete,1,0.00338032
felicitie,1,0.00338032
female,1,0.00338032
fencing,1,0.00338032
fennell,1,0.00338032
fertile,1,0.00338032
fetters,1,0.00338032
fey,1,0.00338032
field,1,0.00338032
fiends,1,0.00338032
fierie,1,0.00338032
fed,1,0.00338032
filiall,1,0.00338032
fill,1,0.00338032
filme,1,0.00338032
find'st,1,0.00338032
finds,1,0.00338032
finger'd,1,0.00338032
finis,1,0.00338032
firme,1,0.00338032
fitted,1,0.00338032
fitting,1,0.00338032
fiue,1,0.00338032
fixion,1,0.00338032
flaggon,1,0.00338032
fates,1,0.00338032
faining,1,0.00338032
fairely,1,0.00338032
fallies,1,0.00338032
falsely,1,0.00338032
falshood,1,0.00338032
fame,1,0.00338032
familiar,1,0.00338032
famous,1,0.00338032
fancie,1,0.00338032
fantasticke,1,0.00338032
fardles,1,0.00338032
farme,1,0.00338032
farwel,1,0.00338032
farwell,1,0.00338032
flagons,1,0.00338032
fatnesse,1,0.00338032
fatted,1,0.00338032
faulconers,1,0.00338032
fauourites,1,0.00338032
fayl'd,1,0.00338032
fear,1,0.00338032
feare-surprized,1,0.00338032
feares,1,0.00338032
fearfull,1,0.00338032
fearing,1,0.00338032
feates,1,0.00338032
feather,1,0.00338032
feathers,1,0.00338032
forgotten,1,0.00338032
forcing,1,0.00338032
fore-stalled,1,0.00338032
foredoes,1,0.00338032
foreknowing,1,0.00338032
foresaid,1,0.00338032
forestall,1,0.00338032
forfeite,1,0.00338032
forg'd,1,0.00338032
forged,1,0.00338032
forgeries,1,0.00338032
forgery,1,0.00338032
forgetting,1,0.00338032
forgiuenesse,1,0.00338032
forgone,1,0.00338032
forbeare,1,0.00338032
formall,1,0.00338032
forraigne,1,0.00338032
forrest,1,0.00338032
forthwith,1,0.00338032
fortie,1,0.00338032
fortified,1,0.00338032
fortin,1,0.00338032
forty,1,0.00338032
forward,1,0.00338032
fought,1,0.00338032
foul'd,1,0.00338032
fox,1,0.00338032
foyle,1,0.00338032
floud,1,0.00338032
flames,1,0.00338032
flash,1,0.00338032
flashes,1,0.00338032
flats,1,0.00338032
flatter,1,0.00338032
flatter'd,1,0.00338032
flattering,1,0.00338032
flaw,1,0.00338032
flaxen,1,0.00338032
flie,1,0.00338032
flies,1,0.00338032
flights,1,0.00338032
flints,1,0.00338032
grounds,1,0.00338032
flourishes,1,0.00338032
flushing,1,0.00338032
foh,1,0.00338032
foile,1,0.00338032
foiles,1,0.00338032
folded,1,0.00338032
folke,1,0.00338032
follow'd,1,0.00338032
folly,1,0.00338032
food,1,0.00338032
foode,1,0.00338032
fool,1,0.00338032
foolery,1,0.00338032
illes,1,0.00338032
i'thsunne,1,0.00338032
iade,1,0.00338032
iangled,1,0.00338032
iaw,1,0.00338032
iaw-bone,1,0.00338032
iawes,1,0.00338032
idoll,1,0.00338032
ieering,1,0.00338032
ielly,1,0.00338032
iemme,1,0.00338032
iester,1,0.00338032
iibes,1,0.00338032
iigge,1,0.00338032
iigge-maker,1,0.00338032
i'th,1,0.00338032
illium,1,0.00338032
illo,1,0.00338032
illume,1,0.00338032
illusion,1,0.00338032
imaginations,1,0.00338032
imagine-,1,0.00338032
imbark't,1,0.00338032
imediate,1,0.00338032
imitated,1,0.00338032
immediate,1,0.00338032
immediately,1,0.00338032
imminent,1,0.00338032
immortall,1,0.00338032
humour,1,0.00338032
horrors,1,0.00338032
horsebacke,1,0.00338032
horson,1,0.00338032
host,1,0.00338032
houer,1,0.00338032
hourely,1,0.00338032
howling,1,0.00338032
howsoeuer,1,0.00338032
huge,1,0.00338032
hugger,1,0.00338032
hum,1,0.00338032
humanity,1,0.00338032
humble,1,0.00338032
humorous,1,0.00338032
impartment,1,0.00338032
hung,1,0.00338032
hunts,1,0.00338032
hurling,1,0.00338032
hurts,1,0.00338032
husbandry,1,0.00338032
hush,1,0.00338032
hyes,1,0.00338032
hymen,1,0.00338032
hyperions,1,0.00338032
hypocrite,1,0.00338032
hypocrites,1,0.00338032
hyre,1,0.00338032
i'de,1,0.00338032
ingenious,1,0.00338032
index,1,0.00338032
indifferently,1,0.00338032
indirections,1,0.00338032
indiscretion,1,0.00338032
indite,1,0.00338032
indiuidible,1,0.00338032
indued,1,0.00338032
inexplicable,1,0.00338032
infants,1,0.00338032
infect,1,0.00338032
infected,1,0.00338032
infects,1,0.00338032
informe,1,0.00338032
ingag'd,1,0.00338032
indentures,1,0.00338032
inheritance,1,0.00338032
inheritor,1,0.00338032
inhibition,1,0.00338032
inky,1,0.00338032
inlarg'd,1,0.00338032
inmost,1,0.00338032
innocculate,1,0.00338032
innocent,1,0.00338032
innouation,1,0.00338032
inquiry,1,0.00338032
insert,1,0.00338032
insinuation,1,0.00338032
insolence,1,0.00338032
impotent,1,0.00338032
impasted,1,0.00338032
impatient,1,0.00338032
imperfections,1,0.00338032
impious,1,0.00338032
impittious,1,0.00338032
implements,1,0.00338032
implorators,1,0.00338032
imploy,1,0.00338032
important,1,0.00338032
importun'd,1,0.00338032
importunate,1,0.00338032
importunity,1,0.00338032
impotence,1,0.00338032
hore,1,0.00338032
impresse,1,0.00338032
impression,1,0.00338032
incapable,1,0.00338032
incens'd,1,0.00338032
incensed,1,0.00338032
incenst,1,0.00338032
incest,1,0.00338032
inch,1,0.00338032
inclin'd,1,0.00338032
inclining,1,0.00338032
incontinencie,1,0.00338032
incorrect,1,0.00338032
indeauour,1,0.00338032
hazard,1,0.00338032
harrow,1,0.00338032
harrowes,1,0.00338032
harshly,1,0.00338032
hart,1,0.00338032
hasten,1,0.00338032
hastie,1,0.00338032
hatch,1,0.00338032
hatchment,1,0.00338032
hate,1,0.00338032
haue't,1,0.00338032
hauiour,1,0.00338032
haunt,1,0.00338032
hauocke,1,0.00338032
hawke,1,0.00338032
harping,1,0.00338032
heads,1,0.00338032
healthfull,1,0.00338032
hearer,1,0.00338032
hearke,1,0.00338032
hearsed,1,0.00338032
heart-ake,1,0.00338032
heathen,1,0.00338032
heauen-kissing,1,0.00338032
heaues,1,0.00338032
hebenon,1,0.00338032
hecats,1,0.00338032
hecticke,1,0.00338032
hedge,1,0.00338032
hall,1,0.00338032
grunt,1,0.00338032
guarded,1,0.00338032
guards,1,0.00338032
guifts,1,0.00338032
guiltlesse,1,0.00338032
gulfe,1,0.00338032
gumme,1,0.00338032
gyant-like,1,0.00338032
gyues,1,0.00338032
habit,1,0.00338032
hadst,1,0.00338032
haile,1,0.00338032
halfepeny,1,0.00338032
hee'l,1,0.00338032
hallow'd,1,0.00338032
halt,1,0.00338032
hammers,1,0.00338032
hammes,1,0.00338032
handsaw,1,0.00338032
hap,1,0.00338032
happen,1,0.00338032
happes,1,0.00338032
happinesse,1,0.00338032
hardly,1,0.00338032
hardy,1,0.00338032
harlot,1,0.00338032
harlots,1,0.00338032
hollow,1,0.00338032
hilts,1,0.00338032
hindges,1,0.00338032
hiperion,1,0.00338032
historie,1,0.00338032
history,1,0.00338032
hoboyes,1,0.00338032
hoby-horse,1,0.00338032
hoby-horsse,1,0.00338032
holde,1,0.00338032
holding,1,0.00338032
holdst,1,0.00338032
hole,1,0.00338032
holie,1,0.00338032
holla,1,0.00338032
hillo,1,0.00338032
homage,1,0.00338032
honesty,1,0.00338032
honie,1,0.00338032
honor'd,1,0.00338032
honors,1,0.00338032
honourd,1,0.00338032
honying,1,0.00338032
hoo,1,0.00338032
hoodman-blinde,1,0.00338032
hoopes,1,0.00338032
hop'd,1,0.00338032
hopes,1,0.00338032
horat,1,0.00338032
heres,1,0.00338032
heed,1,0.00338032
heele,1,0.00338032
heereafter,1,0.00338032
hees,1,0.00338032
hellish,1,0.00338032
helpes,1,0.00338032
helpfull,1,0.00338032
hems,1,0.00338032
hent,1,0.00338032
herald,1,0.00338032
heraldrie,1,0.00338032
heraldry,1,0.00338032
herbe-grace,1,0.00338032
paule,1,0.00338032
hermony,1,0.00338032
herod,1,0.00338032
heroes,1,0.00338032
hew,1,0.00338032
hey-day,1,0.00338032
heyre,1,0.00338032
hic,1,0.00338032
hideous,1,0.00338032
hidious,1,0.00338032
higher,1,0.00338032
highest,1,0.00338032
highly,1,0.00338032
highnesse,1,0.00338032
